Timestamp,MPa Pressure,mm Displacement
7612,1.002565982404692,0.0
7614,0.7826246334310851,0.0
7616,1.0208944281524925,0.0
7618,0.8192815249266863,0.0
7620,0.8925953079178885,0.0
7622,1.1858504398826977,0.0
7624,1.039222873900293,0.0
7626,1.0942082111436948,0.0
7628,1.1491935483870965,0.0
7630,1.0208944281524925,0.0
7632,1.2041788856304982,0.0
7634,1.167521994134897,0.0
7636,1.3508064516129037,0.0
7638,1.3141495601173017,0.0
7640,1.295821114369501,0.0
7642,1.295821114369501,0.0
7644,1.3874633431085048,0.0
7646,1.4607771260997071,0.0
7648,1.2591642228739,0.0
7650,1.295821114369501,0.0
7652,1.3324780058651022,0.0
7654,1.5157624633431088,0.0
7656,1.4424486803519065,0.0
7658,1.3874633431085048,0.0
7660,1.5707478005865105,0.0
7662,1.55241935483871,0.0
7664,1.4974340175953083,0.0
7666,1.5157624633431088,0.0
7668,1.6257331378299122,0.0
7670,1.55241935483871,0.0
7672,1.4607771260997071,0.0
7674,1.5707478005865105,0.0
7676,1.4791055718475077,0.0
7678,1.4791055718475077,0.0
7680,1.4791055718475077,0.0
7682,1.6074046920821117,0.0
7684,1.6440615835777128,0.0
7686,1.6440615835777128,0.0
7688,1.717375366568915,0.0
7690,1.6990469208211145,0.0
7692,1.6990469208211145,0.0
7694,1.6257331378299122,0.0
7696,1.6257331378299122,0.0
7698,1.6074046920821117,0.0
7700,1.55241935483871,0.0
7702,1.4974340175953083,0.0
7704,1.4791055718475077,0.0
7706,1.55241935483871,0.0
7708,1.6074046920821117,0.0
7710,1.6074046920821117,0.0
7712,1.55241935483871,0.0
7714,1.55241935483871,0.0
7716,1.4791055718475077,0.0
7718,1.5340909090909094,0.0
7720,1.5157624633431088,0.0
7723,1.5157624633431088,0.0
7724,1.5707478005865105,0.0
7726,1.680718475073314,0.0
7728,1.717375366568915,0.0
7730,1.680718475073314,0.0
7732,1.6440615835777128,0.0
7734,1.55241935483871,0.0
7736,1.55241935483871,0.0
7738,1.5157624633431088,0.0
7740,1.55241935483871,0.0
7742,1.5157624633431088,0.0
7744,1.5340909090909094,0.0
7746,1.4791055718475077,0.0
7748,1.5340909090909094,0.0
7750,1.5157624633431088,0.0
7752,1.4974340175953083,0.0
7754,1.6074046920821117,0.0
7756,1.6440615835777128,0.0
7758,1.6623900293255134,0.0
7760,1.680718475073314,0.0
7762,1.6440615835777128,0.0
7764,1.589076246334311,0.0
7766,1.5707478005865105,0.0
7768,1.5157624633431088,0.0
7770,1.5707478005865105,0.0
7772,1.55241935483871,0.0
7774,1.5157624633431088,0.0
7776,1.5157624633431088,0.0
7778,1.6257331378299122,0.0
7780,1.5707478005865105,0.0
7782,1.5157624633431088,0.0
7784,1.4424486803519065,0.0
7786,1.424120234604106,0.0
7788,1.5340909090909094,0.0
7790,1.55241935483871,0.0
7792,1.5707478005865105,0.0
7794,1.5340909090909094,0.0
7796,1.5157624633431088,0.0
7798,1.4607771260997071,0.0
7800,1.3508064516129037,0.0
7802,1.5707478005865105,0.0
7804,1.5707478005865105,0.0
7806,1.5157624633431088,0.0
7808,1.5157624633431088,0.0
7810,1.5340909090909094,0.0
7812,1.4057917888563054,0.0
7814,1.4057917888563054,0.0
7816,1.4057917888563054,0.0
7818,1.3324780058651022,0.0
7820,1.4057917888563054,0.0
7822,1.4057917888563054,0.0
7824,1.424120234604106,0.0
7826,1.424120234604106,0.0
7828,1.4607771260997071,0.0
7830,1.4607771260997071,0.0
7832,1.424120234604106,0.0
7834,1.4057917888563054,0.0
7836,1.4057917888563054,0.0
7838,1.424120234604106,0.0
7840,1.5157624633431088,0.0
7842,1.5340909090909094,0.0
7844,1.4974340175953083,0.0
7846,1.4424486803519065,0.0
7848,1.3324780058651022,0.0
7851,1.3324780058651022,0.0
7852,1.3324780058651022,0.0
7854,1.3324780058651022,0.0
7856,1.4057917888563054,0.0
7858,1.4607771260997071,0.0
7860,1.424120234604106,0.0
7862,1.3874633431085048,0.0
7864,1.295821114369501,0.0
7866,1.3324780058651022,0.0
7868,1.3508064516129037,0.0
7870,1.4607771260997071,0.0
7872,1.5157624633431088,0.0
7874,1.4791055718475077,0.0
7876,1.4424486803519065,0.0
7878,1.4974340175953083,0.0
7880,1.4791055718475077,0.0
7882,1.424120234604106,0.0
7884,1.4057917888563054,0.0
7886,1.4974340175953083,0.0
7888,1.4791055718475077,0.0
7890,1.4974340175953083,0.0
7892,1.4424486803519065,0.0
7894,1.4057917888563054,0.0
7896,1.4057917888563054,0.0
7898,1.295821114369501,0.0
7900,1.3141495601173017,0.0
7902,1.3691348973607043,0.0
7904,1.424120234604106,0.0
7906,1.4791055718475077,0.0
7908,1.3874633431085048,0.0
7910,1.3691348973607043,0.0
7912,1.3691348973607043,0.0
7914,1.3691348973607043,0.0
7916,1.295821114369501,0.0
7918,1.3324780058651022,0.0
7920,1.4057917888563054,0.0
7922,1.5157624633431088,0.0
7924,1.4791055718475077,0.0
7926,1.3508064516129037,0.0
7928,1.3508064516129037,0.0
7930,1.4057917888563054,0.0
7932,1.3508064516129037,0.0
7934,1.3508064516129037,0.0
7936,1.3324780058651022,0.0
7938,1.3508064516129037,0.0
7940,1.4057917888563054,0.0
7942,1.4791055718475077,0.0
7944,1.4424486803519065,0.0
7946,1.4424486803519065,0.0
7948,1.3324780058651022,0.0
7950,1.295821114369501,0.0
7952,1.3141495601173017,0.0
7954,1.4607771260997071,0.0
7956,1.4791055718475077,0.0
7958,1.4974340175953083,0.0
7960,1.4424486803519065,0.0
7962,1.4607771260997071,0.0
7964,1.3874633431085048,0.0
7966,1.3141495601173017,0.0
7968,1.3324780058651022,0.0
7970,1.3874633431085048,0.0
7972,1.424120234604106,0.0
7974,1.424120234604106,0.0
7976,1.3691348973607043,0.0
7979,1.3324780058651022,0.0
7980,1.3324780058651022,0.0
7982,1.3324780058651022,0.0
7984,1.3508064516129037,0.0
7986,1.4424486803519065,0.0
7988,1.4424486803519065,0.0
7990,1.424120234604106,0.0
7992,1.3874633431085048,0.0
7994,1.4424486803519065,0.0
7996,1.4057917888563054,0.0
7998,1.3324780058651022,0.0
8000,1.3141495601173017,0.0
8002,1.3691348973607043,0.0
8004,1.3324780058651022,0.0
8006,1.3874633431085048,0.0
8008,1.4424486803519065,0.0
8010,1.4791055718475077,0.0
8012,1.3874633431085048,0.0
8014,1.4057917888563054,0.0
8016,1.4057917888563054,0.0
8018,1.4424486803519065,0.0
8020,1.424120234604106,0.0
8022,1.424120234604106,0.0
8024,1.4791055718475077,0.0
8026,1.4974340175953083,0.0
8028,1.4424486803519065,0.0
8030,1.3691348973607043,0.0
8032,1.3508064516129037,0.0
8034,1.3141495601173017,0.0
8036,1.4424486803519065,0.0
8038,1.4791055718475077,0.0
8040,1.4974340175953083,0.0
8042,1.4424486803519065,0.0
8044,1.4974340175953083,0.0
8046,1.424120234604106,0.0
8048,1.3324780058651022,0.0
8050,1.295821114369501,0.0
8052,1.3691348973607043,0.0
8054,1.295821114369501,0.0
8056,1.3324780058651022,0.0
8058,1.4424486803519065,0.0
8060,1.4607771260997071,0.0
8062,1.3874633431085048,0.0
8064,1.3691348973607043,0.0
8066,1.3508064516129037,0.0
8068,1.3874633431085048,0.0
8070,1.4424486803519065,0.0
8072,1.3324780058651022,0.0
8074,1.3874633431085048,0.0
8076,1.5157624633431088,0.0
8078,1.4057917888563054,0.0
8080,1.424120234604106,0.0
8082,1.5157624633431088,0.0
8084,1.6074046920821117,0.0
8086,1.680718475073314,0.0
8088,1.7906891495601174,0.0
8090,1.9006598240469208,0.0
8092,2.1206011730205274,0.0
8094,2.2305718475073313,0.0
8096,2.322214076246334,0.0
8098,2.395527859237536,0.0
8100,2.4138563049853365,0.0
8102,2.5421554252199416,0.0
8104,2.578812316715543,0.0
8107,2.7620967741935485,0.0
8108,2.8903958944281523,0.0
8110,2.9820381231671553,0.0
8112,3.073680351906158,0.0
8114,3.12866568914956,0.0
8116,3.1836510263929614,0.0
8118,3.330278592375366,0.0
8120,3.403592375366569,0.0
8122,3.5318914956011733,0.0
8124,3.6052052785923756,0.0
8126,3.678519061583578,0.0
8128,3.715175953079179,0.0
8130,3.7335043988269794,0.0
8132,3.660190615835777,0.0
8134,3.42192082111437,0.0
8136,3.403592375366569,0.0
8138,3.4402492668621703,0.0
8140,3.366935483870967,0.0
8142,3.2569648093841637,0.0
8144,3.12866568914956,0.0
8146,3.037023460410557,0.0
8148,2.9270527859237534,0.0
8150,2.872067448680352,0.0
8152,2.8354105571847508,0.0
8154,2.780425219941349,0.0
8156,2.7620967741935485,0.0
8158,2.688782991202346,0.0
8160,2.615469208211144,0.0
8162,2.560483870967742,0.0
8164,2.5054985337243396,0.0
8166,2.450513196480938,0.0
8168,2.450513196480938,0.0
8170,2.4321847507331373,0.0
8172,2.450513196480938,0.0
8174,2.4138563049853365,0.0
8176,2.377199413489736,0.0
8178,2.322214076246334,0.0
8180,2.2855571847507328,0.0
8182,2.2489002932551316,0.0
8184,2.2489002932551316,0.0
8186,2.267228739002932,0.0
8188,2.267228739002932,0.0
8190,2.267228739002932,0.0
8192,2.267228739002932,0.0
8194,2.2305718475073313,0.0
8196,2.2122434017595305,0.0
8198,2.1755865102639294,0.0
8200,2.157258064516129,0.0
8202,2.267228739002932,0.0
8204,2.2122434017595305,0.0
8206,2.2122434017595305,0.0
8208,2.1939149560117297,0.0
8210,2.157258064516129,0.0
8212,2.138929618768328,0.0
8214,2.1206011730205274,0.0
8216,2.0839442815249267,0.0
8218,2.102272727272727,0.0
8220,2.1206011730205274,0.0
8222,2.1206011730205274,0.0
8224,2.138929618768328,0.0
8226,2.102272727272727,0.0
8228,2.102272727272727,0.0
8230,2.1206011730205274,0.0
8232,2.1939149560117297,0.0
8235,2.2122434017595305,0.0
8236,2.2122434017595305,0.0
8238,2.2489002932551316,0.0
8240,2.3038856304985336,0.0
8242,2.358870967741935,0.0
8244,2.395527859237536,0.0
8246,2.4138563049853365,0.0
8248,2.395527859237536,0.0
8250,2.4138563049853365,0.0
8252,2.4321847507331373,0.0
8254,2.4688416422287385,0.0
8256,2.4688416422287385,0.0
8258,2.450513196480938,0.0
8260,2.4321847507331373,0.0
8262,2.4138563049853365,0.0
8264,2.4138563049853365,0.0
8266,2.395527859237536,0.0
8268,2.395527859237536,0.0
8270,2.377199413489736,0.0
8272,2.395527859237536,0.0
8274,2.358870967741935,0.0
8276,2.358870967741935,0.0
8278,2.358870967741935,0.0
8280,2.3405425219941343,0.0
8282,2.322214076246334,0.0
8284,2.322214076246334,0.0
8286,2.358870967741935,0.0
8288,2.358870967741935,0.0
8290,2.358870967741935,0.0
8292,2.377199413489736,0.0
8294,2.377199413489736,0.0
8296,2.358870967741935,0.0
8298,2.358870967741935,0.0
8300,2.358870967741935,0.0
8302,2.377199413489736,0.0
8304,2.377199413489736,0.0
8306,2.4138563049853365,0.0
8308,2.4138563049853365,0.0
8310,2.395527859237536,0.0
8312,2.395527859237536,0.0
8314,2.377199413489736,0.0
8316,2.358870967741935,0.0
8318,2.377199413489736,0.0
8320,2.377199413489736,0.0
8322,2.377199413489736,0.0
8324,2.395527859237536,0.0
8326,2.395527859237536,0.0
8328,2.4138563049853365,0.0
8330,2.358870967741935,0.0
8332,2.3405425219941343,0.0
8334,2.358870967741935,0.0
8336,2.358870967741935,0.0
8338,2.358870967741935,0.0
8340,2.395527859237536,0.0
8342,2.377199413489736,0.0
8344,2.395527859237536,0.0
8346,2.358870967741935,0.0
8348,2.358870967741935,0.0
8350,2.3405425219941343,0.0
8352,2.3405425219941343,0.0
8354,2.358870967741935,0.0
8356,2.395527859237536,0.0
8358,2.4138563049853365,0.0
8360,2.395527859237536,0.0
8363,2.358870967741935,0.0
8364,2.358870967741935,0.0
8366,2.3405425219941343,0.0
8368,2.3405425219941343,0.0
8370,2.358870967741935,0.0
8372,2.377199413489736,0.0
8374,2.4138563049853365,0.0
8376,2.4138563049853365,0.0
8378,2.395527859237536,0.0
8380,2.358870967741935,0.0
8382,2.322214076246334,0.0
8384,2.3405425219941343,0.0
8386,2.377199413489736,0.0
8388,2.395527859237536,0.0
8390,2.395527859237536,0.0
8392,2.4138563049853365,0.0
8394,2.395527859237536,0.0
8396,2.358870967741935,0.0
8398,2.3405425219941343,0.0
8400,2.358870967741935,0.0
8402,2.377199413489736,0.0
8404,2.395527859237536,0.0
8406,2.395527859237536,0.0
8408,2.4138563049853365,0.0
8410,2.395527859237536,0.0
8412,2.377199413489736,0.0
8414,2.358870967741935,0.0
8416,2.322214076246334,0.0
8418,2.3405425219941343,0.0
8420,2.358870967741935,0.0
8422,2.377199413489736,0.0
8424,2.4138563049853365,0.0
8426,2.395527859237536,0.0
8428,2.377199413489736,0.0
8430,2.3405425219941343,0.0
8432,2.322214076246334,0.0
8434,2.3405425219941343,0.0
8436,2.358870967741935,0.0
8438,2.395527859237536,0.0
8440,2.395527859237536,0.0
8442,2.395527859237536,0.0
8444,2.395527859237536,0.0
8446,2.358870967741935,0.0
8448,2.3405425219941343,0.0
8450,2.3405425219941343,0.0
8452,2.358870967741935,0.0
8454,2.395527859237536,0.0
8456,2.4138563049853365,0.0
8458,2.4138563049853365,0.0
8460,2.395527859237536,0.0
8462,2.377199413489736,0.0
8464,2.3405425219941343,0.0
8466,2.3405425219941343,0.0
8468,2.358870967741935,0.0
8470,2.395527859237536,0.0
8472,2.395527859237536,0.0
8474,2.4138563049853365,0.0
8476,2.377199413489736,0.0
8478,2.358870967741935,0.0
8480,2.358870967741935,0.0
8482,2.3405425219941343,0.0
8484,2.358870967741935,0.0
8486,2.395527859237536,0.0
8488,2.4138563049853365,0.0
8491,2.4138563049853365,0.0
8492,2.4138563049853365,0.0
8494,2.358870967741935,0.0
8496,2.358870967741935,0.0
8498,2.358870967741935,0.0
8500,2.3405425219941343,0.0
8502,2.377199413489736,0.0
8504,2.395527859237536,0.0
8506,2.4138563049853365,0.0
8508,2.395527859237536,0.0
8510,2.377199413489736,0.0
8512,2.358870967741935,0.0
8514,2.3405425219941343,0.0
8516,2.3405425219941343,0.0
8518,2.358870967741935,0.0
8520,2.377199413489736,0.0
8522,2.395527859237536,0.0
8524,2.377199413489736,0.0
8526,2.377199413489736,0.0
8528,2.377199413489736,0.0
8530,2.358870967741935,0.0
8532,2.3405425219941343,0.0
8534,2.358870967741935,0.0
8536,2.377199413489736,0.0
8538,2.395527859237536,0.0
8540,2.395527859237536,0.0
8542,2.377199413489736,0.0
8544,2.377199413489736,0.0
8546,2.358870967741935,0.0
8548,2.358870967741935,0.0
8550,2.358870967741935,0.0
8552,2.377199413489736,0.0
8554,2.395527859237536,0.0
8556,2.395527859237536,0.0
8558,2.395527859237536,0.0
8560,2.395527859237536,0.0
8562,2.377199413489736,0.0
8564,2.358870967741935,0.0
8566,2.3405425219941343,0.0
8568,2.358870967741935,0.0
8570,2.395527859237536,0.0
8572,2.395527859237536,0.0
8574,2.395527859237536,0.0
8576,2.395527859237536,0.0
8578,2.377199413489736,0.0
8580,2.358870967741935,0.0
8582,2.358870967741935,0.0
8584,2.358870967741935,0.0
8586,2.377199413489736,0.0
8588,2.395527859237536,0.0
8590,2.395527859237536,0.0
8592,2.395527859237536,0.0
8594,2.377199413489736,0.0
8596,2.358870967741935,0.0
8598,2.358870967741935,0.0
8600,2.3405425219941343,0.0
8602,2.358870967741935,0.0
8604,2.395527859237536,0.0
8606,2.377199413489736,0.0
8608,2.395527859237536,0.0
8610,2.395527859237536,0.0
8612,2.395527859237536,0.0
8614,2.358870967741935,0.0
8616,2.3405425219941343,0.0
8619,2.358870967741935,0.0
8620,2.358870967741935,0.0
8622,2.395527859237536,0.0
8624,2.395527859237536,0.0
8626,2.395527859237536,0.0
8628,2.395527859237536,0.0
8630,2.377199413489736,0.0
8632,2.3405425219941343,0.0
8634,2.358870967741935,0.0
8636,2.3405425219941343,0.0
8638,2.377199413489736,0.0
8640,2.395527859237536,0.0
8642,2.395527859237536,0.0
8644,2.395527859237536,0.0
8646,2.377199413489736,0.0
8648,2.3405425219941343,0.0
8650,2.3405425219941343,0.0
8652,2.3405425219941343,0.0
8654,2.377199413489736,0.0
8656,2.395527859237536,0.0
8658,2.395527859237536,0.0
8660,2.4138563049853365,0.0
8662,2.377199413489736,0.0
8664,2.358870967741935,0.0
8666,2.358870967741935,0.0
8668,2.322214076246334,0.0
8670,2.358870967741935,0.0
8672,2.395527859237536,0.0
8674,2.4138563049853365,0.0
8676,2.4138563049853365,0.0
8678,2.377199413489736,0.0
8680,2.358870967741935,0.0
8682,2.358870967741935,0.0
8684,2.322214076246334,0.0
8686,2.358870967741935,0.0
8688,2.395527859237536,0.0
8690,2.4138563049853365,0.0
8692,2.4138563049853365,0.0
8694,2.395527859237536,0.0
8696,2.358870967741935,0.0
8698,2.3405425219941343,0.0
8700,2.3405425219941343,0.0
8702,2.358870967741935,0.0
8704,2.377199413489736,0.0
8706,2.395527859237536,0.0
8708,2.395527859237536,0.0
8710,2.395527859237536,0.0
8712,2.377199413489736,0.0
8714,2.322214076246334,0.0
8716,2.3405425219941343,0.0
8718,2.358870967741935,0.0
8720,2.377199413489736,0.0
8722,2.4138563049853365,0.0
8724,2.4138563049853365,0.0
8726,2.395527859237536,0.0
8728,2.377199413489736,0.0
8730,2.3405425219941343,0.0
8732,2.3405425219941343,0.0
8734,2.358870967741935,0.0
8736,2.358870967741935,0.0
8738,2.4138563049853365,0.0
8740,2.4138563049853365,0.0
8742,2.4138563049853365,0.0
8744,2.395527859237536,0.0
8747,2.3405425219941343,0.0
8748,2.358870967741935,0.0
8750,2.3405425219941343,0.0
8752,2.358870967741935,0.0
8754,2.395527859237536,0.0
8756,2.4138563049853365,0.0
8758,2.395527859237536,0.0
8760,2.395527859237536,0.0
8762,2.358870967741935,0.0
8764,2.3405425219941343,0.0
8766,2.3405425219941343,0.0
8768,2.358870967741935,0.0
8770,2.395527859237536,0.0
8772,2.4138563049853365,0.0
8774,2.4138563049853365,0.0
8776,2.395527859237536,0.0
8778,2.358870967741935,0.0
8780,2.3405425219941343,0.0
8782,2.3405425219941343,0.0
8784,2.358870967741935,0.0
8786,2.395527859237536,0.0
8788,2.4138563049853365,0.0
8790,2.4138563049853365,0.0
8792,2.4138563049853365,0.0
8794,2.377199413489736,0.0
8796,2.358870967741935,0.0
8798,2.3405425219941343,0.0
8800,2.358870967741935,0.0
8802,2.377199413489736,0.0
8804,2.395527859237536,0.0
8806,2.395527859237536,0.0
8808,2.4138563049853365,0.0
8810,2.377199413489736,0.0
8812,2.358870967741935,0.0
8814,2.358870967741935,0.0
8816,2.358870967741935,0.0
8818,2.358870967741935,0.0
8820,2.395527859237536,0.0
8822,2.4138563049853365,0.0
8824,2.4138563049853365,0.0
8826,2.395527859237536,0.0
8828,2.358870967741935,0.0
8830,2.3405425219941343,0.0
8832,2.3405425219941343,0.0
8834,2.358870967741935,0.0
8836,2.358870967741935,0.0
8838,2.395527859237536,0.0
8840,2.395527859237536,0.0
8842,2.395527859237536,0.0
8844,2.358870967741935,0.0
8846,2.358870967741935,0.0
8848,2.358870967741935,0.0
8850,2.358870967741935,0.0
8852,2.358870967741935,0.0
8854,2.377199413489736,0.0
8856,2.395527859237536,0.0
8858,2.395527859237536,0.0
8860,2.377199413489736,0.0
8862,2.377199413489736,0.0
8864,2.377199413489736,0.0
8866,2.358870967741935,0.0
8868,2.358870967741935,0.0
8870,2.395527859237536,0.0
8872,2.377199413489736,0.0
8875,2.377199413489736,0.0
8876,2.377199413489736,0.0
8878,2.358870967741935,0.0
8880,2.358870967741935,0.0
8882,2.358870967741935,0.0
8884,2.358870967741935,0.0
8886,2.377199413489736,0.0
8888,2.377199413489736,0.0
8890,2.395527859237536,0.0
8892,2.395527859237536,0.0
8894,2.377199413489736,0.0
8896,2.377199413489736,0.0
8898,2.3405425219941343,0.0
8900,2.358870967741935,0.0
8902,2.377199413489736,0.0
8904,2.377199413489736,0.0
8906,2.395527859237536,0.0
8908,2.395527859237536,0.0
8910,2.377199413489736,0.0
8912,2.358870967741935,0.0
8914,2.358870967741935,0.0
8916,2.3405425219941343,0.0
8918,2.358870967741935,0.0
8920,2.358870967741935,0.0
8922,2.395527859237536,0.0
8924,2.395527859237536,0.0
8926,2.395527859237536,0.0
8928,2.395527859237536,0.0
8930,2.358870967741935,0.0
8932,2.3405425219941343,0.0
8934,2.358870967741935,0.0
8936,2.3405425219941343,0.0
8938,2.395527859237536,0.0
8940,2.395527859237536,0.0
8942,2.4138563049853365,0.0
8944,2.395527859237536,0.0
8946,2.358870967741935,0.0
8948,2.358870967741935,0.0
8950,2.358870967741935,0.0
8952,2.358870967741935,0.0
8954,2.395527859237536,0.0
8956,2.395527859237536,0.0
8958,2.4138563049853365,0.0
8960,2.4138563049853365,0.0
8962,2.377199413489736,0.0
8964,2.3405425219941343,0.0
8966,2.3405425219941343,0.0
8968,2.322214076246334,0.0
8970,2.377199413489736,0.0
8972,2.4138563049853365,0.0
8974,2.395527859237536,0.0
8976,2.395527859237536,0.0
8978,2.358870967741935,0.0
8980,2.358870967741935,0.0
8982,2.3405425219941343,0.0
8984,2.3405425219941343,0.0
8986,2.358870967741935,0.0
8988,2.395527859237536,0.0
8990,2.4138563049853365,0.0
8992,2.4138563049853365,0.0
8994,2.377199413489736,0.0
8996,2.358870967741935,0.0
8998,2.3405425219941343,0.0
9000,2.3405425219941343,0.0
9003,2.358870967741935,0.0
9004,2.377199413489736,0.0
9006,2.4138563049853365,0.0
9008,2.4138563049853365,0.0
9010,2.395527859237536,0.0
9012,2.395527859237536,0.0
9014,2.3405425219941343,0.0
9016,2.322214076246334,0.0
9018,2.3405425219941343,0.0
9020,2.377199413489736,0.0
9022,2.4138563049853365,0.0
9024,2.395527859237536,0.0
9026,2.395527859237536,0.0
9028,2.358870967741935,0.0
9030,2.3405425219941343,0.0
9032,2.322214076246334,0.0
9034,2.358870967741935,0.0
9036,2.4138563049853365,0.0
9038,2.4138563049853365,0.0
9040,2.395527859237536,0.0
9042,2.395527859237536,0.0
9044,2.358870967741935,0.0
9046,2.3405425219941343,0.0
9048,2.3405425219941343,0.0
9050,2.358870967741935,0.0
9052,2.358870967741935,0.0
9054,2.4138563049853365,0.0
9056,2.4138563049853365,0.0
9058,2.395527859237536,0.0
9060,2.395527859237536,0.0
9062,2.615469208211144,0.0
9064,2.688782991202346,0.0
9066,2.597140762463343,0.0
9068,2.615469208211144,0.0
9070,2.688782991202346,0.0
9072,2.688782991202346,0.0
9074,2.688782991202346,0.0
9076,2.688782991202346,0.0
9078,2.597140762463343,0.0
9080,2.560483870967742,0.0
9082,2.523826979472141,0.0
9084,2.5054985337243396,0.0
9086,2.487170087976539,0.0
9088,2.4688416422287385,0.0
9090,2.450513196480938,0.0
9092,2.4138563049853365,0.0
9094,2.3405425219941343,0.0
9096,2.3038856304985336,0.0
9098,2.2489002932551316,0.0
9100,2.2305718475073313,0.0
9102,2.2305718475073313,0.0
9104,2.2489002932551316,0.0
9106,2.2305718475073313,0.0
9108,2.2122434017595305,0.0
9110,2.1939149560117297,0.0
9112,2.157258064516129,0.0
9114,2.1755865102639294,0.0
9116,2.1939149560117297,0.0
9118,2.2855571847507328,0.0
9120,2.3038856304985336,0.0
9122,2.3405425219941343,0.0
9124,2.322214076246334,0.0
9126,2.3038856304985336,0.0
9128,2.2855571847507328,0.0
9131,2.267228739002932,0.0
9132,2.2855571847507328,0.0
9134,2.3038856304985336,0.0
9136,2.3038856304985336,0.0
9138,2.322214076246334,0.0
9140,2.3038856304985336,0.0
9142,2.3038856304985336,0.0
9144,2.267228739002932,0.0
9146,2.2122434017595305,0.0
9148,2.2122434017595305,0.0
9150,2.2122434017595305,0.0
9152,2.2122434017595305,0.0
9154,2.2305718475073313,0.0
9156,2.2122434017595305,0.0
9158,2.1939149560117297,0.0
9160,2.1939149560117297,0.0
9162,2.157258064516129,0.0
9164,2.157258064516129,0.0
9166,2.138929618768328,0.0
9168,2.157258064516129,0.0
9170,2.1755865102639294,0.0
9172,2.157258064516129,0.0
9174,2.157258064516129,0.0
9176,2.157258064516129,0.0
9178,2.138929618768328,0.0
9180,2.138929618768328,0.0
9182,2.1206011730205274,0.0
9184,2.1206011730205274,0.0
9186,2.138929618768328,0.0
9188,2.1206011730205274,0.0
9190,2.138929618768328,0.0
9192,2.1206011730205274,0.0
9194,2.102272727272727,0.0
9196,2.102272727272727,0.0
9198,2.065615835777126,0.0
9200,2.0839442815249267,0.0
9202,2.0839442815249267,0.0
9204,2.102272727272727,0.0
9206,2.102272727272727,0.0
9208,2.102272727272727,0.0
9210,2.102272727272727,0.0
9212,2.0839442815249267,0.0
9214,2.065615835777126,0.0
9216,2.065615835777126,0.0
9218,2.065615835777126,0.0
9220,2.065615835777126,0.0
9222,2.0839442815249267,0.0
9224,2.0839442815249267,0.0
9226,2.0839442815249267,0.0
9228,2.0839442815249267,0.0
9230,2.047287390029325,0.0
9232,2.047287390029325,0.0
9234,2.047287390029325,0.0
9236,2.047287390029325,0.0
9238,2.065615835777126,0.0
9240,2.065615835777126,0.0
9242,2.065615835777126,0.0
9244,2.047287390029325,0.0
9246,2.028958944281525,0.0
9248,2.028958944281525,0.0
9250,2.0106304985337244,0.0
9252,2.028958944281525,0.0
9254,2.047287390029325,0.0
9256,2.065615835777126,0.0
9259,2.065615835777126,0.0
9260,2.065615835777126,0.0
9262,2.028958944281525,0.0
9264,2.0106304985337244,0.0
9266,2.0106304985337244,0.0
9268,2.0106304985337244,0.0
9270,2.047287390029325,0.0
9272,2.065615835777126,0.0
9274,2.065615835777126,0.0
9276,2.047287390029325,0.0
9278,2.028958944281525,0.0
9280,2.0106304985337244,0.0
9282,1.973973607038123,0.0
9284,2.0106304985337244,0.0
9286,2.0106304985337244,0.0
9288,2.047287390029325,0.0
9290,2.047287390029325,0.0
9292,2.047287390029325,0.0
9294,2.0106304985337244,0.0
9296,1.9923020527859236,0.0
9298,1.9556451612903225,0.0
9300,1.973973607038123,0.0
9302,1.973973607038123,0.0
9304,1.9923020527859236,0.0
9306,2.028958944281525,0.0
9308,2.0106304985337244,0.0
9310,1.973973607038123,0.0
9312,1.973973607038123,0.0
9314,1.937316715542522,0.0
9316,1.937316715542522,0.0
9318,1.9556451612903225,0.0
9320,1.973973607038123,0.0
9322,1.9923020527859236,0.0
9324,1.9923020527859236,0.0
9326,1.973973607038123,0.0
9328,1.937316715542522,0.0
9330,1.9006598240469208,0.0
9332,1.9006598240469208,0.0
9334,1.9189882697947214,0.0
9336,1.937316715542522,0.0
9338,1.9923020527859236,0.0
9340,1.9556451612903225,0.0
9342,1.9556451612903225,0.0
9344,1.9556451612903225,0.0
9346,1.9189882697947214,0.0
9348,1.8823313782991202,0.0
9350,1.8823313782991202,0.0
9352,1.937316715542522,0.0
9354,1.9556451612903225,0.0
9356,1.9556451612903225,0.0
9358,1.9556451612903225,0.0
9360,1.937316715542522,0.0
9362,1.9006598240469208,0.0
9364,1.8640029325513197,0.0
9366,1.8823313782991202,0.0
9368,1.9189882697947214,0.0
9370,1.9556451612903225,0.0
9372,1.937316715542522,0.0
9374,1.937316715542522,0.0
9376,1.9189882697947214,0.0
9378,1.8823313782991202,0.0
9380,1.8640029325513197,0.0
9382,1.8640029325513197,0.0
9384,1.9189882697947214,0.0
9387,1.937316715542522,0.0
9388,1.937316715542522,0.0
9390,1.9189882697947214,0.0
9392,1.9006598240469208,0.0
9394,1.9006598240469208,0.0
9396,1.845674486803519,0.0
9398,1.8640029325513197,0.0
9400,1.8823313782991202,0.0
9402,1.9006598240469208,0.0
9404,1.9189882697947214,0.0
9406,1.9189882697947214,0.0
9408,1.9006598240469208,0.0
9410,1.8823313782991202,0.0
9412,1.845674486803519,0.0
9414,1.845674486803519,0.0
9416,1.8823313782991202,0.0
9418,1.9006598240469208,0.0
9420,1.9006598240469208,0.0
9422,1.9006598240469208,0.0
9424,1.8823313782991202,0.0
9426,1.8640029325513197,0.0
9428,1.8640029325513197,0.0
9430,1.8640029325513197,0.0
9432,1.845674486803519,0.0
9434,1.8640029325513197,0.0
9436,1.9006598240469208,0.0
9438,1.9189882697947214,0.0
9440,1.9006598240469208,0.0
9442,1.8823313782991202,0.0
9444,1.845674486803519,0.0
9446,1.845674486803519,0.0
9448,1.8640029325513197,0.0
9450,1.8640029325513197,0.0
9452,1.8823313782991202,0.0
9454,1.8823313782991202,0.0
9456,1.8823313782991202,0.0
9458,1.8823313782991202,0.0
9460,1.845674486803519,0.0
9462,1.845674486803519,0.0
9464,1.8640029325513197,0.0
9466,1.845674486803519,0.0
9468,1.8640029325513197,0.0
9470,1.8640029325513197,0.0
9472,1.8640029325513197,0.0
9474,1.8823313782991202,0.0
9476,1.8640029325513197,0.0
9478,1.8640029325513197,0.0
9480,1.8640029325513197,0.0
9482,1.8273460410557185,0.0
9484,1.845674486803519,0.0
9486,1.845674486803519,0.0
9488,1.8640029325513197,0.0
9490,1.8823313782991202,0.0
9492,1.8640029325513197,0.0
9494,1.8640029325513197,0.0
9496,1.845674486803519,0.0
9498,1.8273460410557185,0.0
9500,1.8273460410557185,0.0
9502,1.845674486803519,0.0
9504,1.8640029325513197,0.0
9506,1.8640029325513197,0.0
9508,1.8640029325513197,0.0
9510,1.8640029325513197,0.0
9512,1.845674486803519,0.0
9515,1.8273460410557185,0.0
9516,1.8273460410557185,0.0
9518,1.8273460410557185,0.0
9520,1.8640029325513197,0.0
9522,1.8640029325513197,0.0
9524,1.8823313782991202,0.0
9526,1.8640029325513197,0.0
9528,1.8640029325513197,0.0
9530,1.845674486803519,0.0
9532,1.809017595307918,0.0
9534,1.8273460410557185,0.0
9536,1.8640029325513197,0.0
9538,1.8823313782991202,0.0
9540,1.8640029325513197,0.0
9542,1.8823313782991202,0.0
9544,1.8640029325513197,0.0
9546,1.845674486803519,0.0
9548,1.8273460410557185,0.0
9550,1.8273460410557185,0.0
9552,1.845674486803519,0.0
9554,1.8640029325513197,0.0
9556,1.8640029325513197,0.0
9558,1.8640029325513197,0.0
9560,1.8640029325513197,0.0
9562,1.8273460410557185,0.0
9564,1.809017595307918,0.0
9566,1.7906891495601174,0.0
9568,1.8273460410557185,0.0
9570,1.845674486803519,0.0
9572,1.8640029325513197,0.0
9574,1.8823313782991202,0.0
9576,1.845674486803519,0.0
9578,1.8273460410557185,0.0
9580,1.8273460410557185,0.0
9582,1.7906891495601174,0.0
9584,1.8273460410557185,0.0
9586,1.8273460410557185,0.0
9588,1.8640029325513197,0.0
9590,1.8640029325513197,0.0
9592,1.845674486803519,0.0
9594,1.8273460410557185,0.0
9596,1.7906891495601174,0.0
9598,1.7906891495601174,0.0
9600,1.7906891495601174,0.0
9602,1.8273460410557185,0.0
9604,1.845674486803519,0.0
9606,1.8640029325513197,0.0
9608,1.8640029325513197,0.0
9610,1.845674486803519,0.0
9612,1.8273460410557185,0.0
9614,1.7906891495601174,0.0
9616,1.809017595307918,0.0
9618,1.809017595307918,0.0
9620,1.8640029325513197,0.0
9622,1.8640029325513197,0.0
9624,1.8640029325513197,0.0
9626,1.845674486803519,0.0
9628,1.8273460410557185,0.0
9630,1.7906891495601174,0.0
9632,1.809017595307918,0.0
9634,1.8273460410557185,0.0
9636,1.8640029325513197,0.0
9638,1.8823313782991202,0.0
9640,1.8640029325513197,0.0
9643,1.845674486803519,0.0
9644,1.809017595307918,0.0
9646,1.7906891495601174,0.0
9648,1.7723607038123168,0.0
9650,1.7906891495601174,0.0
9652,1.809017595307918,0.0
9654,1.8640029325513197,0.0
9656,1.8640029325513197,0.0
9658,1.845674486803519,0.0
9660,1.809017595307918,0.0
9662,1.809017595307918,0.0
9664,1.7906891495601174,0.0
9666,1.809017595307918,0.0
9668,1.8273460410557185,0.0
9670,1.8640029325513197,0.0
9672,1.8640029325513197,0.0
9674,1.845674486803519,0.0
9676,1.8273460410557185,0.0
9678,1.809017595307918,0.0
9680,1.7723607038123168,0.0
9682,1.809017595307918,0.0
9684,1.8273460410557185,0.0
9686,1.8273460410557185,0.0
9688,1.8640029325513197,0.0
9690,1.845674486803519,0.0
9692,1.8273460410557185,0.0
9694,1.8273460410557185,0.0
9696,1.7906891495601174,0.0
9698,1.809017595307918,0.0
9700,1.8273460410557185,0.0
9702,1.8273460410557185,0.0
9704,1.8640029325513197,0.0
9706,1.8273460410557185,0.0
9708,1.8273460410557185,0.0
9710,1.8273460410557185,0.0
9712,1.809017595307918,0.0
9714,1.809017595307918,0.0
9716,1.809017595307918,0.0
9718,1.8273460410557185,0.0
9720,1.845674486803519,0.0
9722,1.845674486803519,0.0
9724,1.8273460410557185,0.0
9726,1.809017595307918,0.0
9728,1.809017595307918,0.0
9730,1.7906891495601174,0.0
9732,1.809017595307918,0.0
9734,1.809017595307918,0.0
9736,1.8273460410557185,0.0
9738,1.845674486803519,0.0
9740,1.845674486803519,0.0
9742,1.8273460410557185,0.0
9744,1.809017595307918,0.0
9746,1.809017595307918,0.0
9748,1.809017595307918,0.0
9750,1.809017595307918,0.0
9752,1.809017595307918,0.0
9754,1.8273460410557185,0.0
9756,1.8273460410557185,0.0
9758,1.8273460410557185,0.0
9760,1.809017595307918,0.0
9762,1.809017595307918,0.0
9764,1.809017595307918,0.0
9766,1.809017595307918,0.0
9768,1.8273460410557185,0.0
9771,1.8273460410557185,0.0
9772,1.8273460410557185,0.0
9774,1.845674486803519,0.0
9776,1.8273460410557185,0.0
9778,1.809017595307918,0.0
9780,1.809017595307918,0.0
9782,1.7906891495601174,0.0
9784,1.7906891495601174,0.0
9786,1.809017595307918,0.0
9788,1.8273460410557185,0.0
9790,1.8273460410557185,0.0
9792,1.8273460410557185,0.0
9794,1.809017595307918,0.0
9796,1.809017595307918,0.0
9798,1.7906891495601174,0.0
9800,1.809017595307918,0.0
9802,1.809017595307918,0.0
9804,1.8273460410557185,0.0
9806,1.8273460410557185,0.0
9808,1.8273460410557185,0.0
9810,1.8273460410557185,0.0
9812,1.809017595307918,0.0
9814,1.7906891495601174,0.0
9816,1.7906891495601174,0.0
9818,1.7906891495601174,0.0
9820,1.7906891495601174,0.0
9822,1.8273460410557185,0.0
9824,1.8273460410557185,0.0
9826,1.8273460410557185,0.0
9828,1.809017595307918,0.0
9830,1.7723607038123168,0.0
9832,1.7723607038123168,0.0
9834,1.7723607038123168,0.0
9836,1.809017595307918,0.0
9838,1.8273460410557185,0.0
9840,1.845674486803519,0.0
9842,1.8273460410557185,0.0
9844,1.7906891495601174,0.0
9846,1.7723607038123168,0.0
9848,1.7723607038123168,0.0
9850,1.7723607038123168,0.0
9852,1.7906891495601174,0.0
9854,1.8273460410557185,0.0
9856,1.8273460410557185,0.0
9858,1.8273460410557185,0.0
9860,1.8273460410557185,0.0
9862,1.809017595307918,0.0
9864,1.7723607038123168,0.0
9866,1.7723607038123168,0.0
9868,1.7906891495601174,0.0
9870,1.809017595307918,0.0
9872,1.809017595307918,0.0
9874,1.845674486803519,0.0
9876,1.809017595307918,0.0
9878,1.809017595307918,0.0
9880,1.7357038123167157,0.0
9882,1.7723607038123168,0.0
9884,1.7723607038123168,0.0
9886,1.809017595307918,0.0
9888,1.845674486803519,0.0
9890,1.8273460410557185,0.0
9892,1.8273460410557185,0.0
9894,1.7906891495601174,0.0
9896,1.7357038123167157,0.0
9899,1.7723607038123168,0.0
9900,1.7723607038123168,0.0
9902,1.7723607038123168,0.0
9904,1.7906891495601174,0.0
9906,1.8273460410557185,0.0
9908,1.8273460410557185,0.0
9910,1.7906891495601174,0.0
9912,1.7723607038123168,0.0
9914,1.7357038123167157,0.0
9916,1.7540322580645162,0.0
9918,1.7906891495601174,0.0
9920,1.809017595307918,0.0
9922,1.8273460410557185,0.0
9924,1.809017595307918,0.0
9926,1.809017595307918,0.0
9928,1.7723607038123168,0.0
9930,1.7540322580645162,0.0
9932,1.7723607038123168,0.0
9934,1.7723607038123168,0.0
9936,1.809017595307918,0.0
9938,1.8273460410557185,0.0
9940,1.809017595307918,0.0
9942,1.809017595307918,0.0
9944,1.7906891495601174,0.0
9946,1.7540322580645162,0.0
9948,1.7540322580645162,0.0
9950,1.7723607038123168,0.0
9952,1.809017595307918,0.0
9954,1.8273460410557185,0.0
9956,1.8273460410557185,0.0
9958,1.809017595307918,0.0
9960,1.7723607038123168,0.0
9962,1.7540322580645162,0.0
9964,1.7357038123167157,0.0
9966,1.7723607038123168,0.0
9968,1.7906891495601174,0.0
9970,1.8273460410557185,0.0
9972,1.8273460410557185,0.0
9974,1.809017595307918,0.0
9976,1.7723607038123168,0.0
9978,1.7540322580645162,0.0
9980,1.7357038123167157,0.0
9982,1.7723607038123168,0.0
9984,1.7723607038123168,0.0
9986,1.7906891495601174,0.0
9988,1.8273460410557185,0.0
9990,1.8273460410557185,0.0
9992,1.7723607038123168,0.0
9994,1.7540322580645162,0.0
9996,1.7540322580645162,0.0
9998,1.7540322580645162,0.0
10000,1.7723607038123168,0.0
10002,1.7906891495601174,0.0
10004,1.809017595307918,0.0
10006,1.7906891495601174,0.0
10008,1.7723607038123168,0.0
10010,1.7540322580645162,0.0
10012,1.7357038123167157,0.0
10014,1.7540322580645162,0.0
10016,1.7723607038123168,0.0
10018,1.7723607038123168,0.0
10020,1.809017595307918,0.0
10022,1.7906891495601174,0.0
10024,1.7723607038123168,0.0
10027,1.7723607038123168,0.0
10028,1.7723607038123168,0.0
10030,1.7540322580645162,0.0
10032,1.7540322580645162,0.0
10034,1.7723607038123168,0.0
10036,1.7906891495601174,0.0
10038,1.809017595307918,0.0
10040,1.7723607038123168,0.0
10042,1.7906891495601174,0.0
10044,1.7723607038123168,0.0
10046,1.7540322580645162,0.0
10048,1.7540322580645162,0.0
10050,1.7723607038123168,0.0
10052,1.7906891495601174,0.0
10054,1.7906891495601174,0.0
10056,1.7906891495601174,0.0
10058,1.7723607038123168,0.0
10060,1.7723607038123168,0.0
10062,1.7540322580645162,0.0
10064,1.7357038123167157,0.0
10066,1.7723607038123168,0.0
10068,1.7723607038123168,0.0
10070,1.7723607038123168,0.0
10072,1.7906891495601174,0.0
10074,1.7906891495601174,0.0
10076,1.7906891495601174,0.0
10078,1.7723607038123168,0.0
10080,1.7540322580645162,0.0
10082,1.7357038123167157,0.0
10084,1.7540322580645162,0.0
10086,1.7540322580645162,0.0
10088,1.7906891495601174,0.0
10090,1.7906891495601174,0.0
10092,1.7723607038123168,0.0
10094,1.7906891495601174,0.0
10096,1.7357038123167157,0.0
10098,1.7357038123167157,0.0
10100,1.7540322580645162,0.0
10102,1.7540322580645162,0.0
10104,1.7906891495601174,0.0
10106,1.7723607038123168,0.0
10108,1.7723607038123168,0.0
10110,1.7540322580645162,0.0
10112,1.7723607038123168,0.0
10114,1.7540322580645162,0.0
10116,1.7540322580645162,0.0
10118,1.7540322580645162,0.0
10120,1.7540322580645162,0.0
10122,1.7723607038123168,0.0
10124,1.7723607038123168,0.0
10126,1.7723607038123168,0.0
10128,1.7723607038123168,0.0
10130,1.7357038123167157,0.0
10132,1.7357038123167157,0.0
10134,1.7540322580645162,0.0
10136,1.7723607038123168,0.0
10138,1.7906891495601174,0.0
10140,1.7723607038123168,0.0
10142,1.7906891495601174,0.0
10144,1.7723607038123168,0.0
10146,1.717375366568915,0.0
10148,1.717375366568915,0.0
10150,1.7540322580645162,0.0
10152,1.7723607038123168,0.0
10155,1.7906891495601174,0.0
10156,1.809017595307918,0.0
10158,1.7906891495601174,0.0
10160,1.7540322580645162,0.0
10162,1.7357038123167157,0.0
10164,1.7357038123167157,0.0
10166,1.717375366568915,0.0
10168,1.7357038123167157,0.0
10170,1.7723607038123168,0.0
10172,1.809017595307918,0.0
10174,1.7906891495601174,0.0
10176,1.7540322580645162,0.0
10178,1.7357038123167157,0.0
10180,1.717375366568915,0.0
10182,1.717375366568915,0.0
10184,1.7357038123167157,0.0
10186,1.7723607038123168,0.0
10188,1.809017595307918,0.0
10190,1.7906891495601174,0.0
10192,1.7723607038123168,0.0
10194,1.7540322580645162,0.0
10196,1.717375366568915,0.0
10198,1.717375366568915,0.0
10200,1.7357038123167157,0.0
10202,1.7723607038123168,0.0
10204,1.809017595307918,0.0
10206,1.7906891495601174,0.0
10208,1.7906891495601174,0.0
10210,1.7540322580645162,0.0
10212,1.717375366568915,0.0
10214,1.717375366568915,0.0
10216,1.717375366568915,0.0
10218,1.7540322580645162,0.0
10220,1.7906891495601174,0.0
10222,1.7906891495601174,0.0
10224,1.7723607038123168,0.0
10226,1.7723607038123168,0.0
10228,1.6990469208211145,0.0
10230,1.6990469208211145,0.0
10232,1.717375366568915,0.0
10234,1.7540322580645162,0.0
10236,1.7906891495601174,0.0
10238,1.7906891495601174,0.0
10240,1.7723607038123168,0.0
10242,1.7723607038123168,0.0
10244,1.717375366568915,0.0
10246,1.717375366568915,0.0
10248,1.6990469208211145,0.0
10250,1.717375366568915,0.0
10252,1.7540322580645162,0.0
10254,1.7906891495601174,0.0
10256,1.7723607038123168,0.0
10258,1.7723607038123168,0.0
10260,1.717375366568915,0.0
10262,1.717375366568915,0.0
10264,1.6990469208211145,0.0
10266,1.717375366568915,0.0
10268,1.7540322580645162,0.0
10270,1.7723607038123168,0.0
10272,1.7906891495601174,0.0
10274,1.7540322580645162,0.0
10276,1.7357038123167157,0.0
10278,1.717375366568915,0.0
10280,1.717375366568915,0.0
10283,1.717375366568915,0.0
10284,1.7540322580645162,0.0
10286,1.7723607038123168,0.0
10288,1.7723607038123168,0.0
10290,1.7723607038123168,0.0
10292,1.7540322580645162,0.0
10294,1.717375366568915,0.0
10296,1.717375366568915,0.0
10298,1.7357038123167157,0.0
10300,1.7540322580645162,0.0
10302,1.7723607038123168,0.0
10304,1.7723607038123168,0.0
10306,1.7723607038123168,0.0
10308,1.7357038123167157,0.0
10310,1.7357038123167157,0.0
10312,1.717375366568915,0.0
10314,1.7357038123167157,0.0
10316,1.7357038123167157,0.0
10318,1.7540322580645162,0.0
10320,1.7540322580645162,0.0
10322,1.7540322580645162,0.0
10324,1.7357038123167157,0.0
10326,1.717375366568915,0.0
10328,1.717375366568915,0.0
10330,1.6990469208211145,0.0
10332,1.7357038123167157,0.0
10334,1.7357038123167157,0.0
10336,1.7357038123167157,0.0
10338,1.7540322580645162,0.0
10340,1.7540322580645162,0.0
10342,1.7357038123167157,0.0
10344,1.7357038123167157,0.0
10346,1.7357038123167157,0.0
10348,1.717375366568915,0.0
10350,1.717375366568915,0.0
10352,1.7540322580645162,0.0
10354,1.7540322580645162,0.0
10356,1.7540322580645162,0.0
10358,1.7357038123167157,0.0
10360,1.7357038123167157,0.0
10362,1.7357038123167157,0.0
10364,1.717375366568915,0.0
10366,1.717375366568915,0.0
10368,1.7357038123167157,0.0
10370,1.7357038123167157,0.0
10372,1.7540322580645162,0.0
10374,1.7540322580645162,0.0
10376,1.7357038123167157,0.0
10378,1.717375366568915,0.0
10380,1.717375366568915,0.0
10382,1.717375366568915,0.0
10384,1.7357038123167157,0.0
10386,1.7357038123167157,0.0
10388,1.7540322580645162,0.0
10390,1.7540322580645162,0.0
10392,1.7357038123167157,0.0
10394,1.717375366568915,0.0
10396,1.6990469208211145,0.0
10398,1.717375366568915,0.0
10400,1.7357038123167157,0.0
10402,1.7357038123167157,0.0
10404,1.7540322580645162,0.0
10406,1.7540322580645162,0.0
10408,1.7357038123167157,0.0
10411,1.7357038123167157,0.0
10412,1.717375366568915,0.0
10414,1.6990469208211145,0.0
10416,1.6990469208211145,0.0
10418,1.6990469208211145,0.0
10420,1.7540322580645162,0.0
10422,1.7540322580645162,0.0
10424,1.7540322580645162,0.0
10426,1.7357038123167157,0.0
10428,1.717375366568915,0.0
10430,1.717375366568915,0.0
10432,1.717375366568915,0.0
10434,1.6990469208211145,0.0
10436,1.7357038123167157,0.0
10438,1.7540322580645162,0.0
10440,1.7540322580645162,0.0
10442,1.7357038123167157,0.0
10444,1.717375366568915,0.0
10446,1.6990469208211145,0.0
10448,1.680718475073314,0.0
10450,1.6990469208211145,0.0
10452,1.7357038123167157,0.0
10454,1.7357038123167157,0.0
10456,1.7540322580645162,0.0
10458,1.7540322580645162,0.0
10460,1.717375366568915,0.0
10462,1.6990469208211145,0.0
10464,1.680718475073314,0.0
10466,1.6990469208211145,0.0
10468,1.717375366568915,0.0
10470,1.7357038123167157,0.0
10472,1.7540322580645162,0.0
10474,1.7540322580645162,0.0
10476,1.7357038123167157,0.0
10478,1.6990469208211145,0.0
10480,1.680718475073314,0.0
10482,1.6990469208211145,0.0
10484,1.717375366568915,0.0
10486,1.7357038123167157,0.0
10488,1.7723607038123168,0.0
10490,1.7540322580645162,0.0
10492,1.7540322580645162,0.0
10494,1.680718475073314,0.0
10496,1.680718475073314,0.0
10498,1.680718475073314,0.0
10500,1.6990469208211145,0.0
10502,1.7540322580645162,0.0
10504,1.7723607038123168,0.0
10506,1.7540322580645162,0.0
10508,1.7540322580645162,0.0
10510,1.717375366568915,0.0
10512,1.680718475073314,0.0
10514,1.6623900293255134,0.0
10516,1.680718475073314,0.0
10518,1.7357038123167157,0.0
10520,1.7723607038123168,0.0
10522,1.7540322580645162,0.0
10524,1.7357038123167157,0.0
10526,1.717375366568915,0.0
10528,1.680718475073314,0.0
10530,1.680718475073314,0.0
10532,1.6623900293255134,0.0
10534,1.7357038123167157,0.0
10536,1.7540322580645162,0.0
10539,1.7357038123167157,0.0
10540,1.7540322580645162,0.0
10542,1.7357038123167157,0.0
10544,1.680718475073314,0.0
10546,1.680718475073314,0.0
10548,1.680718475073314,0.0
10550,1.6990469208211145,0.0
10552,1.7357038123167157,0.0
10554,1.7540322580645162,0.0
10556,1.7357038123167157,0.0
10558,1.7357038123167157,0.0
10560,1.6990469208211145,0.0
10562,1.680718475073314,0.0
10564,1.680718475073314,0.0
10566,1.717375366568915,0.0
10568,1.7540322580645162,0.0
10570,1.7357038123167157,0.0
10572,1.7540322580645162,0.0
10574,1.7357038123167157,0.0
10576,1.717375366568915,0.0
10578,1.680718475073314,0.0
10580,1.6623900293255134,0.0
10582,1.6623900293255134,0.0
10584,1.717375366568915,0.0
10586,1.7540322580645162,0.0
10588,1.7357038123167157,0.0
10590,1.717375366568915,0.0
10592,1.6990469208211145,0.0
10594,1.680718475073314,0.0
10596,1.680718475073314,0.0
10598,1.6623900293255134,0.0
10600,1.6990469208211145,0.0
10602,1.7357038123167157,0.0
10604,1.7357038123167157,0.0
10606,1.717375366568915,0.0
10608,1.717375366568915,0.0
10610,1.680718475073314,0.0
10612,1.680718475073314,0.0
10614,1.680718475073314,0.0
10616,1.6990469208211145,0.0
10618,1.7357038123167157,0.0
10620,1.7357038123167157,0.0
10622,1.717375366568915,0.0
10624,1.717375366568915,0.0
10626,1.717375366568915,0.0
10628,1.680718475073314,0.0
10630,1.680718475073314,0.0
10632,1.680718475073314,0.0
10634,1.6990469208211145,0.0
10636,1.717375366568915,0.0
10638,1.717375366568915,0.0
10640,1.717375366568915,0.0
10642,1.717375366568915,0.0
10644,1.680718475073314,0.0
10646,1.680718475073314,0.0
10648,1.680718475073314,0.0
10650,1.6990469208211145,0.0
10652,1.717375366568915,0.0
10654,1.717375366568915,0.0
10656,1.717375366568915,0.0
10658,1.717375366568915,0.0
10660,1.6990469208211145,0.0
10662,1.680718475073314,0.0
10664,1.680718475073314,0.0
10667,1.6990469208211145,0.0
10668,1.717375366568915,0.0
10670,1.717375366568915,0.0
10672,1.717375366568915,0.0
10674,1.717375366568915,0.0
10676,1.6990469208211145,0.0
10678,1.680718475073314,0.0
10680,1.6623900293255134,0.0
10682,1.680718475073314,0.0
10684,1.680718475073314,0.0
10686,1.717375366568915,0.0
10688,1.717375366568915,0.0
10690,1.6990469208211145,0.0
10692,1.6990469208211145,0.0
10694,1.6990469208211145,0.0
10696,1.680718475073314,0.0
10698,1.680718475073314,0.0
10700,1.680718475073314,0.0
10702,1.717375366568915,0.0
10704,1.7357038123167157,0.0
10706,1.717375366568915,0.0
10708,1.717375366568915,0.0
10710,1.6990469208211145,0.0
10712,1.680718475073314,0.0
10714,1.6623900293255134,0.0
10716,1.680718475073314,0.0
10718,1.6990469208211145,0.0
10720,1.717375366568915,0.0
10722,1.717375366568915,0.0
10724,1.717375366568915,0.0
10726,1.680718475073314,0.0
10728,1.680718475073314,0.0
10730,1.6623900293255134,0.0
10732,1.6623900293255134,0.0
10734,1.680718475073314,0.0
10736,1.6990469208211145,0.0
10738,1.6990469208211145,0.0
10740,1.717375366568915,0.0
10742,1.6990469208211145,0.0
10744,1.680718475073314,0.0
10746,1.680718475073314,0.0
10748,1.6623900293255134,0.0
10750,1.680718475073314,0.0
10752,1.6990469208211145,0.0
10754,1.7357038123167157,0.0
10756,1.7357038123167157,0.0
10758,1.6990469208211145,0.0
10760,1.680718475073314,0.0
10762,1.680718475073314,0.0
10764,1.6440615835777128,0.0
10766,1.6440615835777128,0.0
10768,1.6990469208211145,0.0
10770,1.717375366568915,0.0
10772,1.717375366568915,0.0
10774,1.717375366568915,0.0
10776,1.680718475073314,0.0
10778,1.6623900293255134,0.0
10780,1.6440615835777128,0.0
10782,1.6440615835777128,0.0
10784,1.6990469208211145,0.0
10786,1.717375366568915,0.0
10788,1.717375366568915,0.0
10790,1.717375366568915,0.0
10792,1.6990469208211145,0.0
10795,1.680718475073314,0.0
10796,1.6440615835777128,0.0
10798,1.6440615835777128,0.0
10800,1.680718475073314,0.0
10802,1.680718475073314,0.0
10804,1.7357038123167157,0.0
10806,1.7357038123167157,0.0
10808,1.6990469208211145,0.0
10810,1.6440615835777128,0.0
10812,1.6440615835777128,0.0
10814,1.6440615835777128,0.0
10816,1.6623900293255134,0.0
10818,1.680718475073314,0.0
10820,1.717375366568915,0.0
10822,1.7357038123167157,0.0
10824,1.680718475073314,0.0
10826,1.6623900293255134,0.0
10828,1.6440615835777128,0.0
10830,1.6440615835777128,0.0
10832,1.6623900293255134,0.0
10834,1.680718475073314,0.0
10836,1.717375366568915,0.0
10838,1.717375366568915,0.0
10840,1.717375366568915,0.0
10842,1.6990469208211145,0.0
10844,1.6623900293255134,0.0
10846,1.6440615835777128,0.0
10848,1.6257331378299122,0.0
10850,1.6623900293255134,0.0
10852,1.6990469208211145,0.0
10854,1.717375366568915,0.0
10856,1.717375366568915,0.0
10858,1.680718475073314,0.0
10860,1.6623900293255134,0.0
10862,1.6440615835777128,0.0
10864,1.6440615835777128,0.0
10866,1.6440615835777128,0.0
10868,1.717375366568915,0.0
10870,1.717375366568915,0.0
10872,1.6990469208211145,0.0
10874,1.680718475073314,0.0
10876,1.6623900293255134,0.0
10878,1.6440615835777128,0.0
10880,1.6440615835777128,0.0
10882,1.6623900293255134,0.0
10884,1.680718475073314,0.0
10886,1.6990469208211145,0.0
10888,1.717375366568915,0.0
10890,1.6990469208211145,0.0
10892,1.6623900293255134,0.0
10894,1.6623900293255134,0.0
10896,1.6440615835777128,0.0
10898,1.6623900293255134,0.0
10900,1.680718475073314,0.0
10902,1.6990469208211145,0.0
10904,1.6990469208211145,0.0
10906,1.680718475073314,0.0
10908,1.6623900293255134,0.0
10910,1.6623900293255134,0.0
10912,1.6440615835777128,0.0
10914,1.6623900293255134,0.0
10916,1.680718475073314,0.0
10918,1.6990469208211145,0.0
10920,1.717375366568915,0.0
10923,1.680718475073314,0.0
10924,1.680718475073314,0.0
10926,1.6623900293255134,0.0
10928,1.6440615835777128,0.0
10930,1.6440615835777128,0.0
10932,1.6440615835777128,0.0
10934,1.680718475073314,0.0
10936,1.6990469208211145,0.0
10938,1.680718475073314,0.0
10940,1.680718475073314,0.0
10942,1.6623900293255134,0.0
10944,1.6440615835777128,0.0
10946,1.6623900293255134,0.0
10948,1.6440615835777128,0.0
10950,1.680718475073314,0.0
10952,1.680718475073314,0.0
10954,1.680718475073314,0.0
10956,1.680718475073314,0.0
10958,1.680718475073314,0.0
10960,1.6440615835777128,0.0
10962,1.6623900293255134,0.0
10964,1.6440615835777128,0.0
10966,1.6440615835777128,0.0
10968,1.6623900293255134,0.0
10970,1.6623900293255134,0.0
10972,1.6990469208211145,0.0
10974,1.6623900293255134,0.0
10976,1.680718475073314,0.0
10978,1.6623900293255134,0.0
10980,1.6440615835777128,0.0
10982,1.6440615835777128,0.0
10984,1.680718475073314,0.0
10986,1.680718475073314,0.0
10988,1.680718475073314,0.0
10990,1.680718475073314,0.0
10992,1.680718475073314,0.0
10994,1.6440615835777128,0.0
10996,1.6440615835777128,0.0
10998,1.6440615835777128,0.0
11000,1.6440615835777128,0.0
11002,1.6623900293255134,0.0
11004,1.680718475073314,0.0
11006,1.680718475073314,0.0
11008,1.680718475073314,0.0
11010,1.6623900293255134,0.0
11012,1.6440615835777128,0.0
11014,1.6257331378299122,0.0
11016,1.6440615835777128,0.0
11018,1.6623900293255134,0.0
11020,1.680718475073314,0.0
11022,1.680718475073314,0.0
11024,1.6990469208211145,0.0
11026,1.6623900293255134,0.0
11028,1.6440615835777128,0.0
11030,1.6440615835777128,0.0
11032,1.6440615835777128,0.0
11034,1.6623900293255134,0.0
11036,1.680718475073314,0.0
11038,1.680718475073314,0.0
11040,1.6990469208211145,0.0
11042,1.680718475073314,0.0
11044,1.6440615835777128,0.0
11046,1.6440615835777128,0.0
11048,1.6257331378299122,0.0
11051,1.6623900293255134,0.0
11052,1.6623900293255134,0.0
11054,1.680718475073314,0.0
11056,1.6990469208211145,0.0
11058,1.680718475073314,0.0
11060,1.6440615835777128,0.0
11062,1.6257331378299122,0.0
11064,1.6257331378299122,0.0
11066,1.6257331378299122,0.0
11068,1.6440615835777128,0.0
11070,1.680718475073314,0.0
11072,1.717375366568915,0.0
11074,1.6623900293255134,0.0
11076,1.6440615835777128,0.0
11078,1.6257331378299122,0.0
11080,1.6074046920821117,0.0
11082,1.6440615835777128,0.0
11084,1.6623900293255134,0.0
11086,1.6623900293255134,0.0
11088,1.6990469208211145,0.0
11090,1.6623900293255134,0.0
11092,1.6440615835777128,0.0
11094,1.6623900293255134,0.0
11096,1.6257331378299122,0.0
11098,1.6440615835777128,0.0
11100,1.6440615835777128,0.0
11102,1.680718475073314,0.0
11104,1.680718475073314,0.0
11106,1.680718475073314,0.0
11108,1.680718475073314,0.0
11110,1.6623900293255134,0.0
11112,1.6257331378299122,0.0
11114,1.6257331378299122,0.0
11116,1.6440615835777128,0.0
11118,1.680718475073314,0.0
11120,1.680718475073314,0.0
11122,1.6990469208211145,0.0
11124,1.6623900293255134,0.0
11126,1.6440615835777128,0.0
11128,1.6074046920821117,0.0
11130,1.6257331378299122,0.0
11132,1.6440615835777128,0.0
11134,1.680718475073314,0.0
11136,1.680718475073314,0.0
11138,1.6990469208211145,0.0
11140,1.680718475073314,0.0
11142,1.6257331378299122,0.0
11144,1.6257331378299122,0.0
11146,1.6074046920821117,0.0
11148,1.6257331378299122,0.0
11150,1.6440615835777128,0.0
11152,1.680718475073314,0.0
11154,1.680718475073314,0.0
11156,1.680718475073314,0.0
11158,1.6440615835777128,0.0
11160,1.6257331378299122,0.0
11162,1.589076246334311,0.0
11164,1.6074046920821117,0.0
11166,1.6440615835777128,0.0
11168,1.6623900293255134,0.0
11170,1.680718475073314,0.0
11172,1.680718475073314,0.0
11174,1.6440615835777128,0.0
11176,1.6257331378299122,0.0
11179,1.6074046920821117,0.0
11180,1.6074046920821117,0.0
11182,1.6440615835777128,0.0
11184,1.6623900293255134,0.0
11186,1.680718475073314,0.0
11188,1.680718475073314,0.0
11190,1.6440615835777128,0.0
11192,1.6440615835777128,0.0
11194,1.6257331378299122,0.0
11196,1.6074046920821117,0.0
11198,1.6440615835777128,0.0
11200,1.6623900293255134,0.0
11202,1.680718475073314,0.0
11204,1.680718475073314,0.0
11206,1.6440615835777128,0.0
11208,1.6440615835777128,0.0
11210,1.6257331378299122,0.0
11212,1.6074046920821117,0.0
11214,1.6257331378299122,0.0
11216,1.6623900293255134,0.0
11218,1.6623900293255134,0.0
11220,1.680718475073314,0.0
11222,1.6623900293255134,0.0
11224,1.6440615835777128,0.0
11226,1.6257331378299122,0.0
11228,1.6257331378299122,0.0
11230,1.6257331378299122,0.0
11232,1.6257331378299122,0.0
11234,1.6440615835777128,0.0
11236,1.6623900293255134,0.0
11238,1.6623900293255134,0.0
11240,1.6440615835777128,0.0
11242,1.6257331378299122,0.0
11244,1.6257331378299122,0.0
11246,1.6257331378299122,0.0
11248,1.6257331378299122,0.0
11250,1.6440615835777128,0.0
11252,1.6623900293255134,0.0
11254,1.6623900293255134,0.0
11256,1.6440615835777128,0.0
11258,1.6257331378299122,0.0
11260,1.6257331378299122,0.0
11262,1.6257331378299122,0.0
11264,1.6257331378299122,0.0
11266,1.6440615835777128,0.0
11268,1.6257331378299122,0.0
11270,1.6440615835777128,0.0
11272,1.6440615835777128,0.0
11274,1.6440615835777128,0.0
11276,1.6257331378299122,0.0
11278,1.6257331378299122,0.0
11280,1.6074046920821117,0.0
11282,1.6257331378299122,0.0
11284,1.6257331378299122,0.0
11286,1.6440615835777128,0.0
11288,1.6440615835777128,0.0
11290,1.6440615835777128,0.0
11292,1.6440615835777128,0.0
11294,1.6257331378299122,0.0
11296,1.6074046920821117,0.0
11298,1.6257331378299122,0.0
11300,1.6257331378299122,0.0
11302,1.6440615835777128,0.0
11304,1.6440615835777128,0.0
11307,1.6440615835777128,0.0
11308,1.6623900293255134,0.0
11310,1.6257331378299122,0.0
11312,1.6074046920821117,0.0
11314,1.6074046920821117,0.0
11316,1.6074046920821117,0.0
11318,1.6257331378299122,0.0
11320,1.6440615835777128,0.0
11322,1.6440615835777128,0.0
11324,1.6440615835777128,0.0
11326,1.6257331378299122,0.0
11328,1.6074046920821117,0.0
11330,1.6074046920821117,0.0
11332,1.589076246334311,0.0
11334,1.6257331378299122,0.0
11336,1.6440615835777128,0.0
11338,1.6623900293255134,0.0
11340,1.6440615835777128,0.0
11342,1.6257331378299122,0.0
11344,1.6257331378299122,0.0
11346,1.6074046920821117,0.0
11348,1.6074046920821117,0.0
11350,1.6257331378299122,0.0
11352,1.6440615835777128,0.0
11354,1.6440615835777128,0.0
11356,1.6623900293255134,0.0
11358,1.6440615835777128,0.0
11360,1.6257331378299122,0.0
11362,1.6074046920821117,0.0
11364,1.5707478005865105,0.0
11366,1.6074046920821117,0.0
11368,1.6257331378299122,0.0
11370,1.6623900293255134,0.0
11372,1.6623900293255134,0.0
11374,1.6440615835777128,0.0
11376,1.6257331378299122,0.0
11378,1.6074046920821117,0.0
11380,1.5707478005865105,0.0
11382,1.6074046920821117,0.0
11384,1.6257331378299122,0.0
11386,1.680718475073314,0.0
11388,1.6623900293255134,0.0
11390,1.6440615835777128,0.0
11392,1.6257331378299122,0.0
11394,1.6074046920821117,0.0
11396,1.5707478005865105,0.0
11398,1.589076246334311,0.0
11400,1.6074046920821117,0.0
11402,1.6257331378299122,0.0
11404,1.6623900293255134,0.0
11406,1.6440615835777128,0.0
11408,1.6257331378299122,0.0
11410,1.6074046920821117,0.0
11412,1.589076246334311,0.0
11414,1.5707478005865105,0.0
11416,1.589076246334311,0.0
11418,1.6257331378299122,0.0
11420,1.6623900293255134,0.0
11422,1.6440615835777128,0.0
11424,1.6257331378299122,0.0
11426,1.589076246334311,0.0
11428,1.5707478005865105,0.0
11430,1.5707478005865105,0.0
11432,1.589076246334311,0.0
11435,1.6257331378299122,0.0
11436,1.6440615835777128,0.0
11438,1.6623900293255134,0.0
11440,1.6440615835777128,0.0
11442,1.6074046920821117,0.0
11444,1.589076246334311,0.0
11446,1.589076246334311,0.0
11448,1.5707478005865105,0.0
11450,1.6257331378299122,0.0
11452,1.6440615835777128,0.0
11454,1.6440615835777128,0.0
11456,1.6440615835777128,0.0
11458,1.6257331378299122,0.0
11460,1.6074046920821117,0.0
11462,1.5707478005865105,0.0
11464,1.589076246334311,0.0
11466,1.6257331378299122,0.0
11468,1.6440615835777128,0.0
11470,1.6623900293255134,0.0
11472,1.6440615835777128,0.0
11474,1.6074046920821117,0.0
11476,1.6074046920821117,0.0
11478,1.589076246334311,0.0
11480,1.55241935483871,0.0
11482,1.6074046920821117,0.0
11484,1.6257331378299122,0.0
11486,1.6440615835777128,0.0
11488,1.6257331378299122,0.0
11490,1.6074046920821117,0.0
11492,1.6074046920821117,0.0
11494,1.589076246334311,0.0
11496,1.55241935483871,0.0
11498,1.589076246334311,0.0
11500,1.6074046920821117,0.0
11502,1.6440615835777128,0.0
11504,1.6257331378299122,0.0
11506,1.6257331378299122,0.0
11508,1.6074046920821117,0.0
11510,1.589076246334311,0.0
11512,1.589076246334311,0.0
11514,1.589076246334311,0.0
11516,1.589076246334311,0.0
11518,1.6257331378299122,0.0
11520,1.6623900293255134,0.0
11522,1.6257331378299122,0.0
11524,1.6257331378299122,0.0
11526,1.6074046920821117,0.0
11528,1.589076246334311,0.0
11530,1.589076246334311,0.0
11532,1.589076246334311,0.0
11534,1.6257331378299122,0.0
11536,1.6257331378299122,0.0
11538,1.6257331378299122,0.0
11540,1.6257331378299122,0.0
11542,1.6074046920821117,0.0
11544,1.5707478005865105,0.0
11546,1.5707478005865105,0.0
11548,1.589076246334311,0.0
11550,1.6074046920821117,0.0
11552,1.6257331378299122,0.0
11554,1.6074046920821117,0.0
11556,1.6257331378299122,0.0
11558,1.6074046920821117,0.0
11560,1.6074046920821117,0.0
11563,1.5707478005865105,0.0
11564,1.5707478005865105,0.0
11566,1.589076246334311,0.0
11568,1.6074046920821117,0.0
11570,1.6074046920821117,0.0
11572,1.6257331378299122,0.0
11574,1.6074046920821117,0.0
11576,1.6074046920821117,0.0
11578,1.589076246334311,0.0
11580,1.5707478005865105,0.0
11582,1.589076246334311,0.0
11584,1.5707478005865105,0.0
11586,1.6074046920821117,0.0
11588,1.6257331378299122,0.0
11590,1.6074046920821117,0.0
11592,1.6074046920821117,0.0
11594,1.589076246334311,0.0
11596,1.5707478005865105,0.0
11598,1.5707478005865105,0.0
11600,1.589076246334311,0.0
11602,1.589076246334311,0.0
11604,1.6074046920821117,0.0
11606,1.6257331378299122,0.0
11608,1.6440615835777128,0.0
11610,1.6074046920821117,0.0
11612,1.5707478005865105,0.0
11614,1.5707478005865105,0.0
11616,1.5707478005865105,0.0
11618,1.6074046920821117,0.0
11620,1.6257331378299122,0.0
11622,1.6257331378299122,0.0
11624,1.6440615835777128,0.0
11626,1.6074046920821117,0.0
11628,1.5707478005865105,0.0
11630,1.55241935483871,0.0
11632,1.5707478005865105,0.0
11634,1.6074046920821117,0.0
11636,1.6074046920821117,0.0
11638,1.6257331378299122,0.0
11640,1.6257331378299122,0.0
11642,1.6074046920821117,0.0
11644,1.5707478005865105,0.0
11646,1.55241935483871,0.0
11648,1.5707478005865105,0.0
11650,1.5707478005865105,0.0
11652,1.589076246334311,0.0
11654,1.589076246334311,0.0
11656,1.6257331378299122,0.0
11658,1.6074046920821117,0.0
11660,1.589076246334311,0.0
11662,1.5707478005865105,0.0
11664,1.5340909090909094,0.0
11666,1.5707478005865105,0.0
11668,1.6074046920821117,0.0
11670,1.6074046920821117,0.0
11672,1.6257331378299122,0.0
11674,1.6074046920821117,0.0
11676,1.5707478005865105,0.0
11678,1.55241935483871,0.0
11680,1.5340909090909094,0.0
11682,1.5707478005865105,0.0
11684,1.589076246334311,0.0
11686,1.6074046920821117,0.0
11688,1.6257331378299122,0.0
11691,1.6074046920821117,0.0
11692,1.6074046920821117,0.0
11694,1.589076246334311,0.0
11696,1.55241935483871,0.0
11698,1.5707478005865105,0.0
11700,1.589076246334311,0.0
11702,1.6257331378299122,0.0
11704,1.6440615835777128,0.0
11706,1.6257331378299122,0.0
11708,1.6074046920821117,0.0
11710,1.5707478005865105,0.0
11712,1.55241935483871,0.0
11714,1.55241935483871,0.0
11716,1.589076246334311,0.0
11718,1.6257331378299122,0.0
11720,1.6257331378299122,0.0
11722,1.6257331378299122,0.0
11724,1.6074046920821117,0.0
11726,1.55241935483871,0.0
11728,1.5340909090909094,0.0
11730,1.55241935483871,0.0
11732,1.6074046920821117,0.0
11734,1.6074046920821117,0.0
11736,1.6257331378299122,0.0
11738,1.6257331378299122,0.0
11740,1.6257331378299122,0.0
11742,1.5707478005865105,0.0
11744,1.55241935483871,0.0
11746,1.55241935483871,0.0
11748,1.5707478005865105,0.0
11750,1.6074046920821117,0.0
11752,1.6074046920821117,0.0
11754,1.6257331378299122,0.0
11756,1.6074046920821117,0.0
11758,1.5707478005865105,0.0
11760,1.5707478005865105,0.0
11762,1.55241935483871,0.0
11764,1.5340909090909094,0.0
11766,1.589076246334311,0.0
11768,1.6074046920821117,0.0
11770,1.6257331378299122,0.0
11772,1.589076246334311,0.0
11774,1.5707478005865105,0.0
11776,1.5707478005865105,0.0
11778,1.55241935483871,0.0
11780,1.55241935483871,0.0
11782,1.589076246334311,0.0
11784,1.589076246334311,0.0
11786,1.6257331378299122,0.0
11788,1.6257331378299122,0.0
11790,1.589076246334311,0.0
11792,1.5707478005865105,0.0
11794,1.55241935483871,0.0
11796,1.55241935483871,0.0
11798,1.5707478005865105,0.0
11800,1.589076246334311,0.0
11802,1.6257331378299122,0.0
11804,1.6074046920821117,0.0
11806,1.589076246334311,0.0
11808,1.5707478005865105,0.0
11810,1.5340909090909094,0.0
11812,1.55241935483871,0.0
11814,1.5707478005865105,0.0
11816,1.589076246334311,0.0
11819,1.6257331378299122,0.0
11820,1.6074046920821117,0.0
11822,1.589076246334311,0.0
11824,1.589076246334311,0.0
11826,1.5707478005865105,0.0
11828,1.5707478005865105,0.0
11830,1.55241935483871,0.0
11832,1.55241935483871,0.0
11834,1.5707478005865105,0.0
11836,1.589076246334311,0.0
11838,1.5707478005865105,0.0
11840,1.5707478005865105,0.0
11842,1.5707478005865105,0.0
11844,1.5707478005865105,0.0
11846,1.5340909090909094,0.0
11848,1.5707478005865105,0.0
11850,1.5707478005865105,0.0
11852,1.589076246334311,0.0
11854,1.589076246334311,0.0
11856,1.589076246334311,0.0
11858,1.5707478005865105,0.0
11860,1.5707478005865105,0.0
11862,1.5340909090909094,0.0
11864,1.55241935483871,0.0
11866,1.5707478005865105,0.0
11868,1.5707478005865105,0.0
11870,1.589076246334311,0.0
11872,1.589076246334311,0.0
11874,1.5707478005865105,0.0
11876,1.5707478005865105,0.0
11878,1.5340909090909094,0.0
11880,1.55241935483871,0.0
11882,1.5707478005865105,0.0
11884,1.5707478005865105,0.0
11886,1.589076246334311,0.0
11888,1.589076246334311,0.0
11890,1.5707478005865105,0.0
11892,1.5707478005865105,0.0
11894,1.5340909090909094,0.0
11896,1.55241935483871,0.0
11898,1.5340909090909094,0.0
11900,1.55241935483871,0.0
11902,1.589076246334311,0.0
11904,1.589076246334311,0.0
11906,1.6074046920821117,0.0
11908,1.6074046920821117,0.0
11910,1.5707478005865105,0.0
11912,1.5340909090909094,0.0
11914,1.5340909090909094,0.0
11916,1.5340909090909094,0.0
11918,1.589076246334311,0.0
11920,1.589076246334311,0.0
11922,1.6074046920821117,0.0
11924,1.589076246334311,0.0
11926,1.55241935483871,0.0
11928,1.5340909090909094,0.0
11930,1.5340909090909094,0.0
11932,1.5340909090909094,0.0
11934,1.589076246334311,0.0
11936,1.589076246334311,0.0
11938,1.6257331378299122,0.0
11940,1.589076246334311,0.0
11942,1.5707478005865105,0.0
11944,1.5340909090909094,0.0
11947,1.5157624633431088,0.0
11948,1.5340909090909094,0.0
11950,1.5707478005865105,0.0
11952,1.589076246334311,0.0
11954,1.6074046920821117,0.0
11956,1.6074046920821117,0.0
11958,1.589076246334311,0.0
11960,1.55241935483871,0.0
11962,1.5157624633431088,0.0
11964,1.5340909090909094,0.0
11966,1.55241935483871,0.0
11968,1.5707478005865105,0.0
11970,1.6257331378299122,0.0
11972,1.6074046920821117,0.0
11974,1.6074046920821117,0.0
11976,1.5707478005865105,0.0
11978,1.5157624633431088,0.0
11980,1.5157624633431088,0.0
11982,1.55241935483871,0.0
11984,1.5707478005865105,0.0
11986,1.6074046920821117,0.0
11988,1.6074046920821117,0.0
11990,1.589076246334311,0.0
11992,1.5707478005865105,0.0
11994,1.5157624633431088,0.0
11996,1.5157624633431088,0.0
11998,1.5157624633431088,0.0
12000,1.55241935483871,0.0
12002,1.6074046920821117,0.0
12004,1.6074046920821117,0.0
12006,1.589076246334311,0.0
12008,1.5707478005865105,0.0
12010,1.5157624633431088,0.0
12012,1.4974340175953083,0.0
12014,1.5157624633431088,0.0
12016,1.55241935483871,0.0
12018,1.589076246334311,0.0
12020,1.6074046920821117,0.0
12022,1.6074046920821117,0.0
12024,1.55241935483871,0.0
12026,1.5340909090909094,0.0
12028,1.5157624633431088,0.0
12030,1.5157624633431088,0.0
12032,1.5340909090909094,0.0
12034,1.5707478005865105,0.0
12036,1.589076246334311,0.0
12038,1.6074046920821117,0.0
12040,1.589076246334311,0.0
12042,1.55241935483871,0.0
12044,1.5157624633431088,0.0
12046,1.5340909090909094,0.0
12048,1.5707478005865105,0.0
12050,1.5707478005865105,0.0
12052,1.589076246334311,0.0
12054,1.589076246334311,0.0
12056,1.589076246334311,0.0
12058,1.55241935483871,0.0
12060,1.5157624633431088,0.0
12062,1.5157624633431088,0.0
12064,1.55241935483871,0.0
12066,1.5707478005865105,0.0
12068,1.5707478005865105,0.0
12070,1.589076246334311,0.0
12072,1.5707478005865105,0.0
12075,1.5340909090909094,0.0
12076,1.5157624633431088,0.0
12078,1.5157624633431088,0.0
12080,1.5157624633431088,0.0
12082,1.55241935483871,0.0
12084,1.5707478005865105,0.0
12086,1.589076246334311,0.0
12088,1.5707478005865105,0.0
12090,1.55241935483871,0.0
12092,1.5340909090909094,0.0
12094,1.5157624633431088,0.0
12096,1.5340909090909094,0.0
12098,1.5340909090909094,0.0
12100,1.5707478005865105,0.0
12102,1.5707478005865105,0.0
12104,1.55241935483871,0.0
12106,1.5340909090909094,0.0
12108,1.5340909090909094,0.0
12110,1.5157624633431088,0.0
12112,1.5340909090909094,0.0
12114,1.5340909090909094,0.0
12116,1.55241935483871,0.0
12118,1.5707478005865105,0.0
12120,1.55241935483871,0.0
12122,1.5707478005865105,0.0
12124,1.5340909090909094,0.0
12126,1.5340909090909094,0.0
12128,1.5340909090909094,0.0
12130,1.5340909090909094,0.0
12132,1.55241935483871,0.0
12134,1.55241935483871,0.0
12136,1.55241935483871,0.0
12138,1.55241935483871,0.0
12140,1.55241935483871,0.0
12142,1.5340909090909094,0.0
12144,1.5157624633431088,0.0
12146,1.5340909090909094,0.0
12148,1.55241935483871,0.0
12150,1.55241935483871,0.0
12152,1.55241935483871,0.0
12154,1.55241935483871,0.0
12156,1.55241935483871,0.0
12158,1.55241935483871,0.0
12160,1.55241935483871,0.0
12162,1.5340909090909094,0.0
12164,1.5157624633431088,0.0
12166,1.5340909090909094,0.0
12168,1.5707478005865105,0.0
12170,1.5707478005865105,0.0
12172,1.55241935483871,0.0
12174,1.5707478005865105,0.0
12176,1.55241935483871,0.0
12178,1.5157624633431088,0.0
12180,1.5340909090909094,0.0
12182,1.5340909090909094,0.0
12184,1.5340909090909094,0.0
12186,1.55241935483871,0.0
12188,1.55241935483871,0.0
12190,1.55241935483871,0.0
12192,1.5340909090909094,0.0
12194,1.5157624633431088,0.0
12196,1.5157624633431088,0.0
12198,1.5157624633431088,0.0
12200,1.5340909090909094,0.0
12203,1.5707478005865105,0.0
12204,1.5707478005865105,0.0
12206,1.5707478005865105,0.0
12208,1.5340909090909094,0.0
12210,1.5157624633431088,0.0
12212,1.4974340175953083,0.0
12214,1.5157624633431088,0.0
12216,1.5340909090909094,0.0
12218,1.55241935483871,0.0
12220,1.5707478005865105,0.0
12222,1.589076246334311,0.0
12224,1.5340909090909094,0.0
12226,1.5157624633431088,0.0
12228,1.5157624633431088,0.0
12230,1.4974340175953083,0.0
12232,1.5340909090909094,0.0
12234,1.55241935483871,0.0
12236,1.5707478005865105,0.0
12238,1.5707478005865105,0.0
12240,1.55241935483871,0.0
12242,1.5157624633431088,0.0
12244,1.4974340175953083,0.0
12246,1.4974340175953083,0.0
12248,1.4974340175953083,0.0
12250,1.5157624633431088,0.0
12252,1.5707478005865105,0.0
12254,1.5707478005865105,0.0
12256,1.55241935483871,0.0
12258,1.5157624633431088,0.0
12260,1.5157624633431088,0.0
12262,1.4974340175953083,0.0
12264,1.4974340175953083,0.0
12266,1.5340909090909094,0.0
12268,1.5707478005865105,0.0
12270,1.55241935483871,0.0
12272,1.5340909090909094,0.0
12274,1.5340909090909094,0.0
12276,1.4974340175953083,0.0
12278,1.4974340175953083,0.0
12280,1.4974340175953083,0.0
12282,1.5340909090909094,0.0
12284,1.589076246334311,0.0
12286,1.55241935483871,0.0
12288,1.55241935483871,0.0
12290,1.55241935483871,0.0
12292,1.5157624633431088,0.0
12294,1.4974340175953083,0.0
12296,1.4974340175953083,0.0
12298,1.5157624633431088,0.0
12300,1.5707478005865105,0.0
12302,1.5707478005865105,0.0
12304,1.5707478005865105,0.0
12306,1.55241935483871,0.0
12308,1.4974340175953083,0.0
12310,1.4974340175953083,0.0
12312,1.4974340175953083,0.0
12314,1.5340909090909094,0.0
12316,1.5340909090909094,0.0
12318,1.55241935483871,0.0
12320,1.5707478005865105,0.0
12322,1.55241935483871,0.0
12324,1.4974340175953083,0.0
12326,1.4974340175953083,0.0
12328,1.4974340175953083,0.0
12331,1.5340909090909094,0.0
12332,1.5340909090909094,0.0
12334,1.55241935483871,0.0
12336,1.55241935483871,0.0
12338,1.55241935483871,0.0
12340,1.5340909090909094,0.0
12342,1.4974340175953083,0.0
12344,1.4974340175953083,0.0
12346,1.4974340175953083,0.0
12348,1.5157624633431088,0.0
12350,1.5707478005865105,0.0
12352,1.5707478005865105,0.0
12354,1.55241935483871,0.0
12356,1.5157624633431088,0.0
12358,1.4974340175953083,0.0
12360,1.4974340175953083,0.0
12362,1.4974340175953083,0.0
12364,1.5157624633431088,0.0
12366,1.55241935483871,0.0
12368,1.55241935483871,0.0
12370,1.55241935483871,0.0
12372,1.5340909090909094,0.0
12374,1.4974340175953083,0.0
12376,1.4974340175953083,0.0
12378,1.4974340175953083,0.0
12380,1.5157624633431088,0.0
12382,1.5340909090909094,0.0
12384,1.55241935483871,0.0
12386,1.5707478005865105,0.0
12388,1.5340909090909094,0.0
12390,1.5157624633431088,0.0
12392,1.5157624633431088,0.0
12394,1.5157624633431088,0.0
12396,1.5157624633431088,0.0
12398,1.5340909090909094,0.0
12400,1.55241935483871,0.0
12402,1.5707478005865105,0.0
12404,1.5340909090909094,0.0
12406,1.5340909090909094,0.0
12408,1.5157624633431088,0.0
12410,1.5157624633431088,0.0
12412,1.4974340175953083,0.0
12414,1.5157624633431088,0.0
12416,1.5340909090909094,0.0
12418,1.55241935483871,0.0
12420,1.5340909090909094,0.0
12422,1.5340909090909094,0.0
12424,1.5157624633431088,0.0
12426,1.5340909090909094,0.0
12428,1.4974340175953083,0.0
12430,1.4974340175953083,0.0
12432,1.5340909090909094,0.0
12434,1.5340909090909094,0.0
12436,1.5340909090909094,0.0
12438,1.5340909090909094,0.0
12440,1.5340909090909094,0.0
12442,1.5157624633431088,0.0
12444,1.4974340175953083,0.0
12446,1.4974340175953083,0.0
12448,1.5157624633431088,0.0
12450,1.5157624633431088,0.0
12452,1.5340909090909094,0.0
12454,1.5340909090909094,0.0
12456,1.5340909090909094,0.0
12459,1.5157624633431088,0.0
12460,1.4974340175953083,0.0
12462,1.4974340175953083,0.0
12464,1.4974340175953083,0.0
12466,1.5157624633431088,0.0
12468,1.5340909090909094,0.0
12470,1.5340909090909094,0.0
12472,1.55241935483871,0.0
12474,1.5340909090909094,0.0
12476,1.4974340175953083,0.0
12478,1.4974340175953083,0.0
12480,1.4974340175953083,0.0
12482,1.4974340175953083,0.0
12484,1.5340909090909094,0.0
12486,1.5340909090909094,0.0
12488,1.5707478005865105,0.0
12490,1.5340909090909094,0.0
12492,1.4974340175953083,0.0
12494,1.4974340175953083,0.0
12496,1.4974340175953083,0.0
12498,1.4974340175953083,0.0
12500,1.5157624633431088,0.0
12502,1.5340909090909094,0.0
12504,1.5707478005865105,0.0
12506,1.5340909090909094,0.0
12508,1.5157624633431088,0.0
12510,1.4974340175953083,0.0
12512,1.4791055718475077,0.0
12514,1.4791055718475077,0.0
12516,1.5157624633431088,0.0
12518,1.55241935483871,0.0
12520,1.55241935483871,0.0
12522,1.5340909090909094,0.0
12524,1.5340909090909094,0.0
12526,1.4974340175953083,0.0
12528,1.4791055718475077,0.0
12530,1.4791055718475077,0.0
12532,1.5157624633431088,0.0
12534,1.55241935483871,0.0
12536,1.55241935483871,0.0
12538,1.5340909090909094,0.0
12540,1.5340909090909094,0.0
12542,1.5157624633431088,0.0
12544,1.4791055718475077,0.0
12546,1.4791055718475077,0.0
12548,1.5157624633431088,0.0
12550,1.5340909090909094,0.0
12552,1.55241935483871,0.0
12554,1.55241935483871,0.0
12556,1.5340909090909094,0.0
12558,1.4974340175953083,0.0
12560,1.4791055718475077,0.0
12562,1.4791055718475077,0.0
12564,1.4974340175953083,0.0
12566,1.5340909090909094,0.0
12568,1.5340909090909094,0.0
12570,1.5340909090909094,0.0
12572,1.5340909090909094,0.0
12574,1.4974340175953083,0.0
12576,1.4607771260997071,0.0
12578,1.4607771260997071,0.0
12580,1.4974340175953083,0.0
12582,1.5340909090909094,0.0
12584,1.5340909090909094,0.0
12587,1.5340909090909094,0.0
12588,1.5340909090909094,0.0
12590,1.5157624633431088,0.0
12592,1.4974340175953083,0.0
12594,1.4607771260997071,0.0
12596,1.4607771260997071,0.0
12598,1.5157624633431088,0.0
12600,1.5340909090909094,0.0
12602,1.5340909090909094,0.0
12604,1.5340909090909094,0.0
12606,1.5157624633431088,0.0
12608,1.4974340175953083,0.0
12610,1.4607771260997071,0.0
12612,1.4607771260997071,0.0
12614,1.4974340175953083,0.0
12616,1.5340909090909094,0.0
12618,1.55241935483871,0.0
12620,1.5340909090909094,0.0
12622,1.5157624633431088,0.0
12624,1.4791055718475077,0.0
12626,1.4607771260997071,0.0
12628,1.4791055718475077,0.0
12630,1.4974340175953083,0.0
12632,1.5157624633431088,0.0
12634,1.5340909090909094,0.0
12636,1.5340909090909094,0.0
12638,1.5340909090909094,0.0
12640,1.4791055718475077,0.0
12642,1.4791055718475077,0.0
12644,1.4974340175953083,0.0
12646,1.4974340175953083,0.0
12648,1.5157624633431088,0.0
12650,1.5157624633431088,0.0
12652,1.5340909090909094,0.0
12654,1.5340909090909094,0.0
12656,1.4974340175953083,0.0
12658,1.4791055718475077,0.0
12660,1.4791055718475077,0.0
12662,1.4974340175953083,0.0
12664,1.4974340175953083,0.0
12666,1.4974340175953083,0.0
12668,1.5340909090909094,0.0
12670,1.5340909090909094,0.0
12672,1.4974340175953083,0.0
12674,1.4974340175953083,0.0
12676,1.4974340175953083,0.0
12678,1.4791055718475077,0.0
12680,1.4791055718475077,0.0
12682,1.4974340175953083,0.0
12684,1.5340909090909094,0.0
12686,1.5340909090909094,0.0
12688,1.5157624633431088,0.0
12690,1.5157624633431088,0.0
12692,1.4974340175953083,0.0
12694,1.4974340175953083,0.0
12696,1.4791055718475077,0.0
12698,1.5157624633431088,0.0
12700,1.5340909090909094,0.0
12702,1.5340909090909094,0.0
12704,1.5157624633431088,0.0
12706,1.5157624633431088,0.0
12708,1.4974340175953083,0.0
12710,1.4791055718475077,0.0
12712,1.4791055718475077,0.0
12715,1.5157624633431088,0.0
12716,1.5157624633431088,0.0
12718,1.5157624633431088,0.0
12720,1.5157624633431088,0.0
12722,1.5340909090909094,0.0
12724,1.4974340175953083,0.0
12726,1.4791055718475077,0.0
12728,1.4791055718475077,0.0
12730,1.4791055718475077,0.0
12732,1.4974340175953083,0.0
12734,1.5340909090909094,0.0
12736,1.4974340175953083,0.0
12738,1.5340909090909094,0.0
12740,1.4974340175953083,0.0
12742,1.4791055718475077,0.0
12744,1.4791055718475077,0.0
12746,1.4607771260997071,0.0
12748,1.4974340175953083,0.0
12750,1.4974340175953083,0.0
12752,1.5340909090909094,0.0
12754,1.5340909090909094,0.0
12756,1.4974340175953083,0.0
12758,1.4974340175953083,0.0
12760,1.4791055718475077,0.0
12762,1.4607771260997071,0.0
12764,1.4607771260997071,0.0
12766,1.4974340175953083,0.0
12768,1.5157624633431088,0.0
12770,1.5340909090909094,0.0
12772,1.5157624633431088,0.0
12774,1.5157624633431088,0.0
12776,1.4791055718475077,0.0
12778,1.4607771260997071,0.0
12780,1.4607771260997071,0.0
12782,1.4974340175953083,0.0
12784,1.5340909090909094,0.0
12786,1.5340909090909094,0.0
12788,1.5157624633431088,0.0
12790,1.4974340175953083,0.0
12792,1.4791055718475077,0.0
12794,1.4607771260997071,0.0
12796,1.4607771260997071,0.0
12798,1.4974340175953083,0.0
12800,1.4974340175953083,0.0
12802,1.5340909090909094,0.0
12804,1.5157624633431088,0.0
12806,1.4974340175953083,0.0
12808,1.4791055718475077,0.0
12810,1.4607771260997071,0.0
12812,1.4791055718475077,0.0
12814,1.4607771260997071,0.0
12816,1.4974340175953083,0.0
12818,1.5340909090909094,0.0
12820,1.5157624633431088,0.0
12822,1.4974340175953083,0.0
12824,1.4607771260997071,0.0
12826,1.4607771260997071,0.0
12828,1.4607771260997071,0.0
12830,1.4607771260997071,0.0
12832,1.5157624633431088,0.0
12834,1.5340909090909094,0.0
12836,1.5340909090909094,0.0
12838,1.4974340175953083,0.0
12840,1.4791055718475077,0.0
12843,1.4791055718475077,0.0
12844,1.4791055718475077,0.0
12846,1.4424486803519065,0.0
12848,1.4974340175953083,0.0
12850,1.5157624633431088,0.0
12852,1.5340909090909094,0.0
12854,1.5340909090909094,0.0
12856,1.5157624633431088,0.0
12858,1.4791055718475077,0.0
12860,1.4607771260997071,0.0
12862,1.424120234604106,0.0
12864,1.4974340175953083,0.0
12866,1.5157624633431088,0.0
12868,1.5157624633431088,0.0
12870,1.5157624633431088,0.0
12872,1.4974340175953083,0.0
12874,1.4974340175953083,0.0
12876,1.4607771260997071,0.0
12878,1.4424486803519065,0.0
12880,1.4974340175953083,0.0
12882,1.5157624633431088,0.0
12884,1.5340909090909094,0.0
12886,1.5157624633431088,0.0
12888,1.4974340175953083,0.0
12890,1.4974340175953083,0.0
12892,1.4607771260997071,0.0
12894,1.4424486803519065,0.0
12896,1.4791055718475077,0.0
12898,1.4974340175953083,0.0
12900,1.5157624633431088,0.0
12902,1.5340909090909094,0.0
12904,1.5157624633431088,0.0
12906,1.4974340175953083,0.0
12908,1.4607771260997071,0.0
12910,1.4791055718475077,0.0
12912,1.4791055718475077,0.0
12914,1.4974340175953083,0.0
12916,1.5157624633431088,0.0
12918,1.5157624633431088,0.0
12920,1.5157624633431088,0.0
12922,1.4791055718475077,0.0
12924,1.4424486803519065,0.0
12926,1.4607771260997071,0.0
12928,1.4607771260997071,0.0
12930,1.4974340175953083,0.0
12932,1.4974340175953083,0.0
12934,1.5157624633431088,0.0
12936,1.5157624633431088,0.0
12938,1.4974340175953083,0.0
12940,1.4791055718475077,0.0
12942,1.4607771260997071,0.0
12944,1.4607771260997071,0.0
12946,1.4791055718475077,0.0
12948,1.4974340175953083,0.0
12950,1.5157624633431088,0.0
12952,1.4974340175953083,0.0
12954,1.5157624633431088,0.0
12956,1.4607771260997071,0.0
12958,1.4791055718475077,0.0
12960,1.4607771260997071,0.0
12962,1.4791055718475077,0.0
12964,1.4974340175953083,0.0
12966,1.4974340175953083,0.0
12968,1.5157624633431088,0.0
12971,1.4974340175953083,0.0
12972,1.4974340175953083,0.0
12974,1.4974340175953083,0.0
12976,1.4607771260997071,0.0
12978,1.4607771260997071,0.0
12980,1.4791055718475077,0.0
12982,1.4974340175953083,0.0
12984,1.4974340175953083,0.0
12986,1.5157624633431088,0.0
12988,1.4974340175953083,0.0
12990,1.4974340175953083,0.0
12992,1.4607771260997071,0.0
12994,1.4607771260997071,0.0
12996,1.4607771260997071,0.0
12998,1.4791055718475077,0.0
13000,1.4974340175953083,0.0
13002,1.5157624633431088,0.0
13004,1.4974340175953083,0.0
13006,1.4791055718475077,0.0
13008,1.4607771260997071,0.0
13010,1.4607771260997071,0.0
13012,1.4607771260997071,0.0
13014,1.4791055718475077,0.0
13016,1.4974340175953083,0.0
13018,1.5157624633431088,0.0
13020,1.5157624633431088,0.0
13022,1.4974340175953083,0.0
13024,1.4791055718475077,0.0
13026,1.4607771260997071,0.0
13028,1.4607771260997071,0.0
13030,1.4791055718475077,0.0
13032,1.4974340175953083,0.0
13034,1.4974340175953083,0.0
13036,1.5340909090909094,0.0
13038,1.4974340175953083,0.0
13040,1.4791055718475077,0.0
13042,1.4607771260997071,0.0
13044,1.4607771260997071,0.0
13046,1.4607771260997071,0.0
13048,1.4974340175953083,0.0
13050,1.4974340175953083,0.0
13052,1.5157624633431088,0.0
13054,1.5157624633431088,0.0
13056,1.4974340175953083,0.0
13058,1.4607771260997071,0.0
13060,1.4607771260997071,0.0
13062,1.4607771260997071,0.0
13064,1.4607771260997071,0.0
13066,1.4791055718475077,0.0
13068,1.5157624633431088,0.0
13070,1.5157624633431088,0.0
13072,1.4974340175953083,0.0
13074,1.4791055718475077,0.0
13076,1.4607771260997071,0.0
13078,1.4607771260997071,0.0
13080,1.4607771260997071,0.0
13082,1.4791055718475077,0.0
13084,1.5157624633431088,0.0
13086,1.5157624633431088,0.0
13088,1.4974340175953083,0.0
13090,1.4791055718475077,0.0
13092,1.4607771260997071,0.0
13094,1.4607771260997071,0.0
13096,1.4607771260997071,0.0
13099,1.4791055718475077,0.0
13100,1.5157624633431088,0.0
13102,1.5157624633431088,0.0
13104,1.5157624633431088,0.0
13106,1.4791055718475077,0.0
13108,1.4791055718475077,0.0
13110,1.4791055718475077,0.0
13112,1.4607771260997071,0.0
13114,1.4791055718475077,0.0
13116,1.5157624633431088,0.0
13118,1.5157624633431088,0.0
13120,1.4974340175953083,0.0
13122,1.4791055718475077,0.0
13124,1.4791055718475077,0.0
13126,1.4424486803519065,0.0
13128,1.424120234604106,0.0
13130,1.4791055718475077,0.0
13132,1.4974340175953083,0.0
13134,1.5157624633431088,0.0
13136,1.4974340175953083,0.0
13138,1.4974340175953083,0.0
13140,1.4791055718475077,0.0
13142,1.4424486803519065,0.0
13144,1.4424486803519065,0.0
13146,1.4424486803519065,0.0
13148,1.4607771260997071,0.0
13150,1.4791055718475077,0.0
13152,1.4974340175953083,0.0
13154,1.4974340175953083,0.0
13156,1.4791055718475077,0.0
13158,1.4424486803519065,0.0
13160,1.424120234604106,0.0
13162,1.4424486803519065,0.0
13164,1.4791055718475077,0.0
13166,1.4974340175953083,0.0
13168,1.5157624633431088,0.0
13170,1.4974340175953083,0.0
13172,1.4791055718475077,0.0
13174,1.4607771260997071,0.0
13176,1.4424486803519065,0.0
13178,1.4424486803519065,0.0
13180,1.4607771260997071,0.0
13182,1.4791055718475077,0.0
13184,1.4974340175953083,0.0
13186,1.4974340175953083,0.0
13188,1.4974340175953083,0.0
13190,1.4791055718475077,0.0
13192,1.4607771260997071,0.0
13194,1.4607771260997071,0.0
13196,1.4607771260997071,0.0
13198,1.4791055718475077,0.0
13200,1.4974340175953083,0.0
13202,1.4974340175953083,0.0
13204,1.4974340175953083,0.0
13206,1.4607771260997071,0.0
13208,1.4424486803519065,0.0
13210,1.4424486803519065,0.0
13212,1.4424486803519065,0.0
13214,1.4791055718475077,0.0
13216,1.4974340175953083,0.0
13218,1.4974340175953083,0.0
13220,1.4974340175953083,0.0
13222,1.4791055718475077,0.0
13224,1.4607771260997071,0.0
13227,1.4424486803519065,0.0
13228,1.4424486803519065,0.0
13230,1.4424486803519065,0.0
13232,1.4791055718475077,0.0
13234,1.4974340175953083,0.0
13236,1.4974340175953083,0.0
13238,1.4791055718475077,0.0
13240,1.4607771260997071,0.0
13242,1.4424486803519065,0.0
13244,1.4424486803519065,0.0
13246,1.4424486803519065,0.0
13248,1.4607771260997071,0.0
13250,1.4791055718475077,0.0
13252,1.4791055718475077,0.0
13254,1.4791055718475077,0.0
13256,1.4607771260997071,0.0
13258,1.4607771260997071,0.0
13260,1.4424486803519065,0.0
13262,1.4424486803519065,0.0
13264,1.4607771260997071,0.0
13266,1.4791055718475077,0.0
13268,1.4974340175953083,0.0
13270,1.4974340175953083,0.0
13272,1.4791055718475077,0.0
13274,1.4607771260997071,0.0
13276,1.4607771260997071,0.0
13278,1.4424486803519065,0.0
13280,1.4607771260997071,0.0
13282,1.4791055718475077,0.0
13284,1.4974340175953083,0.0
13286,1.4791055718475077,0.0
13288,1.4607771260997071,0.0
13290,1.4057917888563054,0.0
13292,1.3508064516129037,0.0
13294,1.295821114369501,0.0
13296,1.2225073313782988,0.0
13298,1.1858504398826977,0.0
13300,1.1491935483870965,0.0
13302,1.0942082111436948,0.0
13304,1.0208944281524925,0.0
